id,name,type,source_pdf
1,松材线虫病,Disease,ZGds6-1762148816090-松材线虫病害早期星-机-地遥感诊断光谱特征研究_李霓雯.pdf
2,pine wilt disease,Disease,ZGds6-1762148816090-松材线虫病害早期星-机-地遥感诊断光谱特征研究_李霓雯.pdf
3,forest disease monitoring,Disease,ZGds6-1762148816090-松材线虫病害早期星-机-地遥感诊断光谱特征研究_李霓雯.pdf
4,江西省全南县和德兴市松材线虫病疫情年度普查统计,Disease,基于灰色关联度分析气候因素对江西省松材线虫病的影响.pdf
5,松树死亡,Disease,Pc5Bj-1762148820023-松材线虫病媒介天牛种类调查及其传播机制研究_王洋.pdf
6,Pine,Host,Pc5Bj-1762148820023-松材线虫病媒介天牛种类调查及其传播机制研究_王洋.pdf
7,松树枯,Disease,Pc5Bj-1762148820023-松材线虫病媒介天牛种类调查及其传播机制研究_王洋.pdf
8,紫金山病死松,Disease,Pc5Bj-1762148820023-松材线虫病媒介天牛种类调查及其传播机制研究_王洋.pdf
9,砍伐病,Disease,Pc5Bj-1762148820023-松材线虫病媒介天牛种类调查及其传播机制研究_王洋.pdf
10,株发病,Disease,Pc5Bj-1762148820023-松材线虫病媒介天牛种类调查及其传播机制研究_王洋.pdf
11,松材线虫病严重威胁松林生态系统 给森林资源安,Disease,气候变化对松材线虫病扩散风险的影响分析——以郁南县为例_雷志华.pdf
12,堪称松林的 1982 松材线虫病首次在江苏南京发现后,Disease,气候变化对松材线虫病扩散风险的影响分析——以郁南县为例_雷志华.pdf
13,松材线虫病严重威胁松林生态系统,Disease,气候变化对松材线虫病扩散风险的影响分析——以郁南县为例_雷志华.pdf
14,松材线虫病严重威胁松林生态系统 给森林资源安 全带来巨大挑战,Disease,气候变化对松材线虫病扩散风险的影响分析——以郁南县为例_雷志华.pdf
15,叶枯病,Disease,气候变化对松材线虫病扩散风险的影响分析——以郁南县为例_雷志华.pdf
16,青枯菌,Disease,气候变化对松材线虫病扩散风险的影响分析——以郁南县为例_雷志华.pdf
17,disease distribution,Disease,我国松材线虫病的扩散趋势及气候对疫情的影响研究_张潮.pdf
18,Wilt Disease,Disease,我国松材线虫病的扩散趋势及气候对疫情的影响研究_张潮.pdf
19,wilt disease distribution,Disease,我国松材线虫病的扩散趋势及气候对疫情的影响研究_张潮.pdf
20,china pine wilt,Disease,我国松材线虫病的扩散趋势及气候对疫情的影响研究_张潮.pdf
21,Disease,Disease,我国松材线虫病的扩散趋势及气候对疫情的影响研究_张潮.pdf
22,Wilt,Disease,我国松材线虫病的扩散趋势及气候对疫情的影响研究_张潮.pdf
23,Abstract Pine wilt,Disease,我国松材线虫病的扩散趋势及气候对疫情的影响研究_张潮.pdf
24,松树萎,Disease,我国松材线虫病的扩散趋势及气候对疫情的影响研究_张潮.pdf
25,松材线虫病生态灾害督办,Disease,我国松材线虫病的扩散趋势及气候对疫情的影响研究_张潮.pdf
26,disease epidemic,Disease,气候要素对松材线虫病疫情的影响研究.pdf
27,disease epidemic situation,Disease,气候要素对松材线虫病疫情的影响研究.pdf
28,病木株 病死松林蓄积 发病面积密度比整体达到一个最,Disease,气候要素对松材线虫病疫情的影响研究.pdf
29,wilt disease epidemic,Disease,气候要素对松材线虫病疫情的影响研究.pdf
30,冬春季降水过多导致松 材线虫病疫情严重,Disease,气候要素对松材线虫病疫情的影响研究.pdf
31,冬春季降水过多会导致松材线虫病疫情严重 而6月份降水量越大,Disease,气候要素对松材线虫病疫情的影响研究.pdf
32,虫病达到一个发病高峰期 冬春季降水过多导致松,Disease,气候要素对松材线虫病疫情的影响研究.pdf
33,清理松材线虫病害木降低马尾松林中松材线,Disease,JU3yc-1762148851602-马尾松蛀干害虫种群动态与松材线虫病的关系及松褐天牛天敌研究_展茂魁.pdf
34,松材线虫病及其媒介昆虫 松材线虫病 pine,Disease,JU3yc-1762148851602-马尾松蛀干害虫种群动态与松材线虫病的关系及松褐天牛天敌研究_展茂魁.pdf
35,松材线虫病株率,Disease,JU3yc-1762148851602-马尾松蛀干害虫种群动态与松材线虫病的关系及松褐天牛天敌研究_展茂魁.pdf
36,PWD damaged Masson,Disease,松材线虫病疫情指数与气候因素之间的关系.pdf
37,wilt disease variables,Disease,松材线虫病疫情指数与气候因素之间的关系.pdf
38,disease damaged Masson,Disease,松材线虫病疫情指数与气候因素之间的关系.pdf
39,J］．Plant disease,Disease,松材线虫病疫情指数与气候因素之间的关系.pdf
40,森林病理学,Disease,JItW6-1762148810582-中国森林保护学科发展历程研究_曾凡勇.pdf
41,树 病学,Disease,JItW6-1762148810582-中国森林保护学科发展历程研究_曾凡勇.pdf
42,林木病理学教科书,Disease,JItW6-1762148810582-中国森林保护学科发展历程研究_曾凡勇.pdf
43,林木病,Disease,JItW6-1762148810582-中国森林保护学科发展历程研究_曾凡勇.pdf
44,植物细菌病害,Disease,JItW6-1762148810582-中国森林保护学科发展历程研究_曾凡勇.pdf
45,昆虫病,Disease,JItW6-1762148810582-中国森林保护学科发展历程研究_曾凡勇.pdf
46,我国大陆森林病理事业发展之概况,Disease,JItW6-1762148810582-中国森林保护学科发展历程研究_曾凡勇.pdf
47,树木和森林病理学研究的展望,Disease,JItW6-1762148810582-中国森林保护学科发展历程研究_曾凡勇.pdf
48,森林病理 学发展,Disease,JItW6-1762148810582-中国森林保护学科发展历程研究_曾凡勇.pdf
49,森林病,Disease,JItW6-1762148810582-中国森林保护学科发展历程研究_曾凡勇.pdf
50,梨锈病,Disease,JItW6-1762148810582-中国森林保护学科发展历程研究_曾凡勇.pdf
51,干朽病,Disease,JItW6-1762148810582-中国森林保护学科发展历程研究_曾凡勇.pdf
52,三角枫漆斑病,Disease,JItW6-1762148810582-中国森林保护学科发展历程研究_曾凡勇.pdf
53,昆虫与植病,Disease,JItW6-1762148810582-中国森林保护学科发展历程研究_曾凡勇.pdf
54,植物病理学,Disease,JItW6-1762148810582-中国森林保护学科发展历程研究_曾凡勇.pdf
55,叶炎病,Disease,JItW6-1762148810582-中国森林保护学科发展历程研究_曾凡勇.pdf
56,黄萎病,Disease,JItW6-1762148810582-中国森林保护学科发展历程研究_曾凡勇.pdf
57,叶斑病,Disease,JItW6-1762148810582-中国森林保护学科发展历程研究_曾凡勇.pdf
58,马原恺 黄花松之病虫害,Disease,JItW6-1762148810582-中国森林保护学科发展历程研究_曾凡勇.pdf
59,植物病虫害检验施行细则,Disease,JItW6-1762148810582-中国森林保护学科发展历程研究_曾凡勇.pdf
60,杨树灰斑病,Disease,JItW6-1762148810582-中国森林保护学科发展历程研究_曾凡勇.pdf
61,杨锈病,Disease,JItW6-1762148810582-中国森林保护学科发展历程研究_曾凡勇.pdf
62,落叶松早期落叶病,Disease,JItW6-1762148810582-中国森林保护学科发展历程研究_曾凡勇.pdf
63,疱锈病,Disease,JItW6-1762148810582-中国森林保护学科发展历程研究_曾凡勇.pdf
64,森林植物病理学,Disease,JItW6-1762148810582-中国森林保护学科发展历程研究_曾凡勇.pdf
65,树苗病害防治法,Disease,JItW6-1762148810582-中国森林保护学科发展历程研究_曾凡勇.pdf
66,森林病理学讲义,Disease,JItW6-1762148810582-中国森林保护学科发展历程研究_曾凡勇.pdf
67,植物病原真菌学,Disease,JItW6-1762148810582-中国森林保护学科发展历程研究_曾凡勇.pdf
68,输入输出植物病,Disease,JItW6-1762148810582-中国森林保护学科发展历程研究_曾凡勇.pdf
69,叶病防治科,Disease,JItW6-1762148810582-中国森林保护学科发展历程研究_曾凡勇.pdf
70,林业病虫通讯,Disease,JItW6-1762148810582-中国森林保护学科发展历程研究_曾凡勇.pdf
71,森林病虫通讯,Disease,JItW6-1762148810582-中国森林保护学科发展历程研究_曾凡勇.pdf
72,疽病花期及幼果期,Disease,JItW6-1762148810582-中国森林保护学科发展历程研究_曾凡勇.pdf
73,杨黑斑病,Disease,JItW6-1762148810582-中国森林保护学科发展历程研究_曾凡勇.pdf
74,青枯病,Disease,JItW6-1762148810582-中国森林保护学科发展历程研究_曾凡勇.pdf
75,林木病理学,Disease,JItW6-1762148810582-中国森林保护学科发展历程研究_曾凡勇.pdf
76,森林病害及其防治,Disease,JItW6-1762148810582-中国森林保护学科发展历程研究_曾凡勇.pdf
77,东北树木病 害菌类图志,Disease,JItW6-1762148810582-中国森林保护学科发展历程研究_曾凡勇.pdf
78,林木病 毒学,Disease,JItW6-1762148810582-中国森林保护学科发展历程研究_曾凡勇.pdf
79,森林病理学通 论,Disease,JItW6-1762148810582-中国森林保护学科发展历程研究_曾凡勇.pdf
80,经济林病理学,Disease,JItW6-1762148810582-中国森林保护学科发展历程研究_曾凡勇.pdf
81,森林病虫图册,Disease,JItW6-1762148810582-中国森林保护学科发展历程研究_曾凡勇.pdf
82,杨树病,Disease,JItW6-1762148810582-中国森林保护学科发展历程研究_曾凡勇.pdf
83,松树萎蔫病防治,Disease,JItW6-1762148810582-中国森林保护学科发展历程研究_曾凡勇.pdf
84,森林病害流行与治理,Disease,JItW6-1762148810582-中国森林保护学科发展历程研究_曾凡勇.pdf
85,果树病虫害防治图册（,Disease,JItW6-1762148810582-中国森林保护学科发展历程研究_曾凡勇.pdf
86,果树病理学（,Disease,JItW6-1762148810582-中国森林保护学科发展历程研究_曾凡勇.pdf
87,森林病理学研究,Disease,JItW6-1762148810582-中国森林保护学科发展历程研究_曾凡勇.pdf
88,溃疡病,Disease,JItW6-1762148810582-中国森林保护学科发展历程研究_曾凡勇.pdf
89,森林病虫害预测预报管理办法,Disease,JItW6-1762148810582-中国森林保护学科发展历程研究_曾凡勇.pdf
90,森林病虫害防治条例,Disease,JItW6-1762148810582-中国森林保护学科发展历程研究_曾凡勇.pdf
91,落叶松落叶 病预测预报办法,Disease,JItW6-1762148810582-中国森林保护学科发展历程研究_曾凡勇.pdf
92,落叶松枯梢病,Disease,JItW6-1762148810582-中国森林保护学科发展历程研究_曾凡勇.pdf
93,林木种实病,Disease,JItW6-1762148810582-中国森林保护学科发展历程研究_曾凡勇.pdf
94,林病害,Disease,JItW6-1762148810582-中国森林保护学科发展历程研究_曾凡勇.pdf
95,林果病,Disease,JItW6-1762148810582-中国森林保护学科发展历程研究_曾凡勇.pdf
96,石榴溃疡病,Disease,JItW6-1762148810582-中国森林保护学科发展历程研究_曾凡勇.pdf
97,核桃基腐病,Disease,JItW6-1762148810582-中国森林保护学科发展历程研究_曾凡勇.pdf
98,园林植物病虫害防治,Disease,JItW6-1762148810582-中国森林保护学科发展历程研究_曾凡勇.pdf
99,松材线虫病疫木加工板材定点,Disease,JItW6-1762148810582-中国森林保护学科发展历程研究_曾凡勇.pdf
100,林病虫,Disease,JItW6-1762148810582-中国森林保护学科发展历程研究_曾凡勇.pdf
101,重大病,Disease,JItW6-1762148810582-中国森林保护学科发展历程研究_曾凡勇.pdf
102,抗病性,Disease,XlZVN-1762148845443-浙江省松材线虫病环境影响经济评价与治理研究_李兰英.pdf
103,枯水期,Disease,XlZVN-1762148845443-浙江省松材线虫病环境影响经济评价与治理研究_李兰英.pdf
104,枯落物,Disease,XlZVN-1762148845443-浙江省松材线虫病环境影响经济评价与治理研究_李兰英.pdf
105,松材线虫病防治技术方案,Disease,XlZVN-1762148845443-浙江省松材线虫病环境影响经济评价与治理研究_李兰英.pdf
106,林对病,Disease,XlZVN-1762148845443-浙江省松材线虫病环境影响经济评价与治理研究_李兰英.pdf
107,防治病,Disease,XlZVN-1762148845443-浙江省松材线虫病环境影响经济评价与治理研究_李兰英.pdf
108,浙江省松材线虫病防治办法,Disease,XlZVN-1762148845443-浙江省松材线虫病环境影响经济评价与治理研究_李兰英.pdf
109,气候要素对天台松材线虫病疫情的影响 于天鸣,Disease,气候要素对天台松材线虫病疫情的影响.pdf
110,整片松林从发病到毁灭性死亡只需3,Disease,气候变化背景下松材线虫在中国分布的时空变化预测.pdf
111,changes and disease,Disease,气候变化背景下松材线虫在中国分布的时空变化预测.pdf
112,松材线虫,Pathogen,ZGds6-1762148816090-松材线虫病害早期星-机-地遥感诊断光谱特征研究_李霓雯.pdf
113,松褐天牛,Pathogen,4ERGo-1762148839583-泰山松材线虫病、美国白蛾风险分析评估与预警技术研究_申卫星.pdf
114,线虫病原,Pathogen,4ERGo-1762148839583-泰山松材线虫病、美国白蛾风险分析评估与预警技术研究_申卫星.pdf
115,松褐天牛种群,Pathogen,4ERGo-1762148839583-泰山松材线虫病、美国白蛾风险分析评估与预警技术研究_申卫星.pdf
116,Bursaphelenchus xylophilus and,Pathogen,基于灰色关联度分析气候因素对江西省松材线虫病的影响.pdf
117,高瑞贺 松材线虫入侵对三峡库区马尾松林生态系统的影响 北京,Pathogen,基于灰色关联度分析气候因素对江西省松材线虫病的影响.pdf
118,lUS,Pathogen,基于灰色关联度分析气候因素对江西省松材线虫病的影响.pdf
119,松材线虫和媒介天牛幼虫共栖于病死松木中 在低温,Pathogen,Pc5Bj-1762148820023-松材线虫病媒介天牛种类调查及其传播机制研究_王洋.pdf
120,松材线虫和媒介天牛幼虫共栖于病死松木中,Pathogen,Pc5Bj-1762148820023-松材线虫病媒介天牛种类调查及其传播机制研究_王洋.pdf
121,松材线虫虫液倒入培养皿中培养产卵 松材线虫产卵后显微镜下观察,Pathogen,Pc5Bj-1762148820023-松材线虫病媒介天牛种类调查及其传播机制研究_王洋.pdf
122,个松针中分离到松材线虫 这表明松材线虫可以通过松针进,Pathogen,Pc5Bj-1762148820023-松材线虫病媒介天牛种类调查及其传播机制研究_王洋.pdf
123,松材线虫生活史,Pathogen,Pc5Bj-1762148820023-松材线虫病媒介天牛种类调查及其传播机制研究_王洋.pdf
124,松材线虫分子自动化检测仪器,Pathogen,Pc5Bj-1762148820023-松材线虫病媒介天牛种类调查及其传播机制研究_王洋.pdf
125,松材材线虫虫液,Pathogen,Pc5Bj-1762148820023-松材线虫病媒介天牛种类调查及其传播机制研究_王洋.pdf
126,松材线虫起脱离,Pathogen,Pc5Bj-1762148820023-松材线虫病媒介天牛种类调查及其传播机制研究_王洋.pdf
127,松材线虫转录组,Pathogen,Pc5Bj-1762148820023-松材线虫病媒介天牛种类调查及其传播机制研究_王洋.pdf
128,松材线虫运动,Pathogen,Pc5Bj-1762148820023-松材线虫病媒介天牛种类调查及其传播机制研究_王洋.pdf
129,松材线虫机体,Pathogen,Pc5Bj-1762148820023-松材线虫病媒介天牛种类调查及其传播机制研究_王洋.pdf
130,为松材线虫创造了新的适宜生存区域 降水模式变化不,Pathogen,气候变化对松材线虫病扩散风险的影响分析——以郁南县为例_雷志华.pdf
131,升高扩大了松材线虫适生区域 加速了松褐天牛繁殖,Pathogen,气候变化对松材线虫病扩散风险的影响分析——以郁南县为例_雷志华.pdf
132,加速了松褐天牛繁殖 降水模式变化削弱了松树抗性,Pathogen,气候变化对松材线虫病扩散风险的影响分析——以郁南县为例_雷志华.pdf
133,松材线虫生物学特性,Pathogen,我国松材线虫病的扩散趋势及气候对疫情的影响研究_张潮.pdf
134,线虫Bursaphelenchus,Pathogen,JU3yc-1762148851602-马尾松蛀干害虫种群动态与松材线虫病的关系及松褐天牛天敌研究_展茂魁.pdf
135,松褐天牛卵期,Pathogen,JU3yc-1762148851602-马尾松蛀干害虫种群动态与松材线虫病的关系及松褐天牛天敌研究_展茂魁.pdf
136,线虫率,Pathogen,JU3yc-1762148851602-马尾松蛀干害虫种群动态与松材线虫病的关系及松褐天牛天敌研究_展茂魁.pdf
137,松褐天牛虫道,Pathogen,JU3yc-1762148851602-马尾松蛀干害虫种群动态与松材线虫病的关系及松褐天牛天敌研究_展茂魁.pdf
138,lop,Pathogen,JU3yc-1762148851602-马尾松蛀干害虫种群动态与松材线虫病的关系及松褐天牛天敌研究_展茂魁.pdf
139,松褐天牛虫道内部观,Pathogen,JU3yc-1762148851602-马尾松蛀干害虫种群动态与松材线虫病的关系及松褐天牛天敌研究_展茂魁.pdf
140,松褐天牛羽化孔,Pathogen,JU3yc-1762148851602-马尾松蛀干害虫种群动态与松材线虫病的关系及松褐天牛天敌研究_展茂魁.pdf
141,松褐天牛蛹室,Pathogen,JU3yc-1762148851602-马尾松蛀干害虫种群动态与松材线虫病的关系及松褐天牛天敌研究_展茂魁.pdf
142,浙江松林生态系统对松材线虫入侵的抵御和恢复机制,Pathogen,松材线虫病疫情指数与气候因素之间的关系.pdf
143,Bursap,Pathogen,松材线虫病疫情指数与气候因素之间的关系.pdf
144,伴生细菌,Pathogen,JItW6-1762148810582-中国森林保护学科发展历程研究_曾凡勇.pdf
145,拉汉英昆虫蜱螨蜘蛛线虫名称,Pathogen,JItW6-1762148810582-中国森林保护学科发展历程研究_曾凡勇.pdf
146,植物根结线虫,Pathogen,JItW6-1762148810582-中国森林保护学科发展历程研究_曾凡勇.pdf
147,内线虫,Pathogen,JItW6-1762148810582-中国森林保护学科发展历程研究_曾凡勇.pdf
148,松材线虫全基因组测序,Pathogen,JItW6-1762148810582-中国森林保护学科发展历程研究_曾凡勇.pdf
149,松材线虫SCAR 标记,Pathogen,JItW6-1762148810582-中国森林保护学科发展历程研究_曾凡勇.pdf
150,松材线虫SCAR,Pathogen,JItW6-1762148810582-中国森林保护学科发展历程研究_曾凡勇.pdf
151,松材 线虫特异,Pathogen,JItW6-1762148810582-中国森林保护学科发展历程研究_曾凡勇.pdf
152,Insect pathogenic,Pathogen,JItW6-1762148810582-中国森林保护学科发展历程研究_曾凡勇.pdf
153,线虫学,Pathogen,JItW6-1762148810582-中国森林保护学科发展历程研究_曾凡勇.pdf
154,松树线,Pathogen,XlZVN-1762148845443-浙江省松材线虫病环境影响经济评价与治理研究_李兰英.pdf
155,而在东北或西北分布较少 从松材线虫的分布可,Pathogen,气候要素对天台松材线虫病疫情的影响.pdf
156,气候变化背景下松材线虫在中国分布的 时空变化预测木,Pathogen,气候变化背景下松材线虫在中国分布的时空变化预测.pdf
157,Pine wood,Pathogen,气候变化背景下松材线虫在中国分布的时空变化预测.pdf
158,云南松,Host,ZGds6-1762148816090-松材线虫病害早期星-机-地遥感诊断光谱特征研究_李霓雯.pdf
159,马尾松,Host,ZGds6-1762148816090-松材线虫病害早期星-机-地遥感诊断光谱特征研究_李霓雯.pdf
160,松树,Host,ZGds6-1762148816090-松材线虫病害早期星-机-地遥感诊断光谱特征研究_李霓雯.pdf
161,Pinus,Host,ZGds6-1762148816090-松材线虫病害早期星-机-地遥感诊断光谱特征研究_李霓雯.pdf
162,油松,Host,ZGds6-1762148816090-松材线虫病害早期星-机-地遥感诊断光谱特征研究_李霓雯.pdf
163,黑松,Host,ZGds6-1762148816090-松材线虫病害早期星-机-地遥感诊断光谱特征研究_李霓雯.pdf
164,赤松,Host,ZGds6-1762148816090-松材线虫病害早期星-机-地遥感诊断光谱特征研究_李霓雯.pdf
165,pine spectral absorption,Host,ZGds6-1762148816090-松材线虫病害早期星-机-地遥感诊断光谱特征研究_李霓雯.pdf
166,korean pine spectral,Host,ZGds6-1762148816090-松材线虫病害早期星-机-地遥感诊断光谱特征研究_李霓雯.pdf
167,pine 光谱范围 赤松敏感波段,Host,ZGds6-1762148816090-松材线虫病害早期星-机-地遥感诊断光谱特征研究_李霓雯.pdf
168,features of pine,Host,ZGds6-1762148816090-松材线虫病害早期星-机-地遥感诊断光谱特征研究_李霓雯.pdf
169,日本,Host,ZGds6-1762148816090-松材线虫病害早期星-机-地遥感诊断光谱特征研究_李霓雯.pdf
170,马尾松光谱数据,Host,ZGds6-1762148816090-松材线虫病害早期星-机-地遥感诊断光谱特征研究_李霓雯.pdf
171,松树且,Host,ZGds6-1762148816090-松材线虫病害早期星-机-地遥感诊断光谱特征研究_李霓雯.pdf
172,Korean pine,Host,ZGds6-1762148816090-松材线虫病害早期星-机-地遥感诊断光谱特征研究_李霓雯.pdf
173,pine (a),Host,ZGds6-1762148816090-松材线虫病害早期星-机-地遥感诊断光谱特征研究_李霓雯.pdf
174,Japanese pine,Host,ZGds6-1762148816090-松材线虫病害早期星-机-地遥感诊断光谱特征研究_李霓雯.pdf
175,华山松,Host,4ERGo-1762148839583-泰山松材线虫病、美国白蛾风险分析评估与预警技术研究_申卫星.pdf
176,杨树,Host,4ERGo-1762148839583-泰山松材线虫病、美国白蛾风险分析评估与预警技术研究_申卫星.pdf
177,果树林,Host,4ERGo-1762148839583-泰山松材线虫病、美国白蛾风险分析评估与预警技术研究_申卫星.pdf
178,云南,Host,4ERGo-1762148839583-泰山松材线虫病、美国白蛾风险分析评估与预警技术研究_申卫星.pdf
179,松树大苗,Host,4ERGo-1762148839583-泰山松材线虫病、美国白蛾风险分析评估与预警技术研究_申卫星.pdf
180,松林松,Host,4ERGo-1762148839583-泰山松材线虫病、美国白蛾风险分析评估与预警技术研究_申卫星.pdf
181,松树免,Host,4ERGo-1762148839583-泰山松材线虫病、美国白蛾风险分析评估与预警技术研究_申卫星.pdf
182,柳树(,Host,4ERGo-1762148839583-泰山松材线虫病、美国白蛾风险分析评估与预警技术研究_申卫星.pdf
183,杨树( Populus spp.,Host,4ERGo-1762148839583-泰山松材线虫病、美国白蛾风险分析评估与预警技术研究_申卫星.pdf
184,桃树,Host,4ERGo-1762148839583-泰山松材线虫病、美国白蛾风险分析评估与预警技术研究_申卫星.pdf
185,叶树种,Host,4ERGo-1762148839583-泰山松材线虫病、美国白蛾风险分析评估与预警技术研究_申卫星.pdf
186,马尾松林生,Host,基于灰色关联度分析气候因素对江西省松材线虫病的影响.pdf
187,病(pine,Host,基于灰色关联度分析气候因素对江西省松材线虫病的影响.pdf
188,马尾松Pinus,Host,基于灰色关联度分析气候因素对江西省松材线虫病的影响.pdf
189,日本黑松,Host,Pc5Bj-1762148820023-松材线虫病媒介天牛种类调查及其传播机制研究_王洋.pdf
190,old Pinus,Host,Pc5Bj-1762148820023-松材线虫病媒介天牛种类调查及其传播机制研究_王洋.pdf
191,松树挥,Host,Pc5Bj-1762148820023-松材线虫病媒介天牛种类调查及其传播机制研究_王洋.pdf
192,松纵坑,Host,Pc5Bj-1762148820023-松材线虫病媒介天牛种类调查及其传播机制研究_王洋.pdf
193,华松,Host,Pc5Bj-1762148820023-松材线虫病媒介天牛种类调查及其传播机制研究_王洋.pdf
194,松针表,Host,Pc5Bj-1762148820023-松材线虫病媒介天牛种类调查及其传播机制研究_王洋.pdf
195,松针进,Host,Pc5Bj-1762148820023-松材线虫病媒介天牛种类调查及其传播机制研究_王洋.pdf
196,松树针,Host,Pc5Bj-1762148820023-松材线虫病媒介天牛种类调查及其传播机制研究_王洋.pdf
197,松树枝,Host,Pc5Bj-1762148820023-松材线虫病媒介天牛种类调查及其传播机制研究_王洋.pdf
198,第5 天松材线,Host,Pc5Bj-1762148820023-松材线虫病媒介天牛种类调查及其传播机制研究_王洋.pdf
199,去掉松针,Host,Pc5Bj-1762148820023-松材线虫病媒介天牛种类调查及其传播机制研究_王洋.pdf
200,松材线转录组,Host,Pc5Bj-1762148820023-松材线虫病媒介天牛种类调查及其传播机制研究_王洋.pdf
201,湿地松,Host,气候变化对松材线虫病扩散风险的影响分析——以郁南县为例_雷志华.pdf
202,降水模式变化削弱了松树抗性 改变了病原传播路径,Host,气候变化对松材线虫病扩散风险的影响分析——以郁南县为例_雷志华.pdf
203,降水模式变化削弱了松树抗性,Host,气候变化对松材线虫病扩散风险的影响分析——以郁南县为例_雷志华.pdf
204,海岸松,Host,我国松材线虫病的扩散趋势及气候对疫情的影响研究_张潮.pdf
205,辐射松,Host,我国松材线虫病的扩散趋势及气候对疫情的影响研究_张潮.pdf
206,Northern limitof pine,Host,我国松材线虫病的扩散趋势及气候对疫情的影响研究_张潮.pdf
207,黄土高原蓖点水土流失区生态经 济犁乔木树种的区位环境适宜性,Host,气候要素对松材线虫病疫情的影响研究.pdf
208,influencing the pine,Host,气候要素对松材线虫病疫情的影响研究.pdf
209,松罨天,Host,气候要素对松材线虫病疫情的影响研究.pdf
210,李树怀,Host,气候要素对松材线虫病疫情的影响研究.pdf
211,第二章 马尾松蛀干害虫及其天敌调查,Host,JU3yc-1762148851602-马尾松蛀干害虫种群动态与松材线虫病的关系及松褐天牛天敌研究_展茂魁.pdf
212,马尾,Host,JU3yc-1762148851602-马尾松蛀干害虫种群动态与松材线虫病的关系及松褐天牛天敌研究_展茂魁.pdf
213,松上,Host,JU3yc-1762148851602-马尾松蛀干害虫种群动态与松材线虫病的关系及松褐天牛天敌研究_展茂魁.pdf
214,马尾松林中制,Host,JU3yc-1762148851602-马尾松蛀干害虫种群动态与松材线虫病的关系及松褐天牛天敌研究_展茂魁.pdf
215,马尾松林中松,Host,JU3yc-1762148851602-马尾松蛀干害虫种群动态与松材线虫病的关系及松褐天牛天敌研究_展茂魁.pdf
216,松瘤象,Host,JU3yc-1762148851602-马尾松蛀干害虫种群动态与松材线虫病的关系及松褐天牛天敌研究_展茂魁.pdf
217,林间松,Host,JU3yc-1762148851602-马尾松蛀干害虫种群动态与松材线虫病的关系及松褐天牛天敌研究_展茂魁.pdf
218,马尾松树干,Host,JU3yc-1762148851602-马尾松蛀干害虫种群动态与松材线虫病的关系及松褐天牛天敌研究_展茂魁.pdf
219,马尾松林郁闭度,Host,JU3yc-1762148851602-马尾松蛀干害虫种群动态与松材线虫病的关系及松褐天牛天敌研究_展茂魁.pdf
220,马尾松韧皮部,Host,JU3yc-1762148851602-马尾松蛀干害虫种群动态与松材线虫病的关系及松褐天牛天敌研究_展茂魁.pdf
221,松林,Host,JU3yc-1762148851602-马尾松蛀干害虫种群动态与松材线虫病的关系及松褐天牛天敌研究_展茂魁.pdf
222,马尾松白斑角胫象Shirahoshizo,Host,JU3yc-1762148851602-马尾松蛀干害虫种群动态与松材线虫病的关系及松褐天牛天敌研究_展茂魁.pdf
223,南美松,Host,JU3yc-1762148851602-马尾松蛀干害虫种群动态与松材线虫病的关系及松褐天牛天敌研究_展茂魁.pdf
224,南欧海松P.,Host,JU3yc-1762148851602-马尾松蛀干害虫种群动态与松材线虫病的关系及松褐天牛天敌研究_展茂魁.pdf
225,琉球松,Host,JU3yc-1762148851602-马尾松蛀干害虫种群动态与松材线虫病的关系及松褐天牛天敌研究_展茂魁.pdf
226,白皮松,Host,JU3yc-1762148851602-马尾松蛀干害虫种群动态与松材线虫病的关系及松褐天牛天敌研究_展茂魁.pdf
227,松斑,Host,JU3yc-1762148851602-马尾松蛀干害虫种群动态与松材线虫病的关系及松褐天牛天敌研究_展茂魁.pdf
228,林茂松,Host,JU3yc-1762148851602-马尾松蛀干害虫种群动态与松材线虫病的关系及松褐天牛天敌研究_展茂魁.pdf
229,萧山松林,Host,JU3yc-1762148851602-马尾松蛀干害虫种群动态与松材线虫病的关系及松褐天牛天敌研究_展茂魁.pdf
230,松幽天,Host,JU3yc-1762148851602-马尾松蛀干害虫种群动态与松材线虫病的关系及松褐天牛天敌研究_展茂魁.pdf
231,樟子松,Host,JU3yc-1762148851602-马尾松蛀干害虫种群动态与松材线虫病的关系及松褐天牛天敌研究_展茂魁.pdf
232,哈氏松,Host,JU3yc-1762148851602-马尾松蛀干害虫种群动态与松材线虫病的关系及松褐天牛天敌研究_展茂魁.pdf
233,马尾松蛀干,Host,JU3yc-1762148851602-马尾松蛀干害虫种群动态与松材线虫病的关系及松褐天牛天敌研究_展茂魁.pdf
234,松褐 天,Host,JU3yc-1762148851602-马尾松蛀干害虫种群动态与松材线虫病的关系及松褐天牛天敌研究_展茂魁.pdf
235,马尾松树气味,Host,JU3yc-1762148851602-马尾松蛀干害虫种群动态与松材线虫病的关系及松褐天牛天敌研究_展茂魁.pdf
236,马尾松树松,Host,JU3yc-1762148851602-马尾松蛀干害虫种群动态与松材线虫病的关系及松褐天牛天敌研究_展茂魁.pdf
237,姚松,Host,JU3yc-1762148851602-马尾松蛀干害虫种群动态与松材线虫病的关系及松褐天牛天敌研究_展茂魁.pdf
238,马尾松林龄数据,Host,JU3yc-1762148851602-马尾松蛀干害虫种群动态与松材线虫病的关系及松褐天牛天敌研究_展茂魁.pdf
239,马尾松林龄Age of P.,Host,JU3yc-1762148851602-马尾松蛀干害虫种群动态与松材线虫病的关系及松褐天牛天敌研究_展茂魁.pdf
240,马尾松林株密度数据,Host,JU3yc-1762148851602-马尾松蛀干害虫种群动态与松材线虫病的关系及松褐天牛天敌研究_展茂魁.pdf
241,马尾松林株密度（x,Host,JU3yc-1762148851602-马尾松蛀干害虫种群动态与松材线虫病的关系及松褐天牛天敌研究_展茂魁.pdf
242,马尾松林龄,Host,JU3yc-1762148851602-马尾松蛀干害虫种群动态与松材线虫病的关系及松褐天牛天敌研究_展茂魁.pdf
243,马尾松树干基部,Host,JU3yc-1762148851602-马尾松蛀干害虫种群动态与松材线虫病的关系及松褐天牛天敌研究_展茂魁.pdf
244,马尾松树皮部,Host,JU3yc-1762148851602-马尾松蛀干害虫种群动态与松材线虫病的关系及松褐天牛天敌研究_展茂魁.pdf
245,马尾松木质部,Host,JU3yc-1762148851602-马尾松蛀干害虫种群动态与松材线虫病的关系及松褐天牛天敌研究_展茂魁.pdf
246,马尾松树干蛀食 韧皮部,Host,JU3yc-1762148851602-马尾松蛀干害虫种群动态与松材线虫病的关系及松褐天牛天敌研究_展茂魁.pdf
247,马尾松诱木树松,Host,JU3yc-1762148851602-马尾松蛀干害虫种群动态与松材线虫病的关系及松褐天牛天敌研究_展茂魁.pdf
248,马尾松树林中蛀,Host,JU3yc-1762148851602-马尾松蛀干害虫种群动态与松材线虫病的关系及松褐天牛天敌研究_展茂魁.pdf
249,马尾松林中天,Host,JU3yc-1762148851602-马尾松蛀干害虫种群动态与松材线虫病的关系及松褐天牛天敌研究_展茂魁.pdf
250,林中松,Host,JU3yc-1762148851602-马尾松蛀干害虫种群动态与松材线虫病的关系及松褐天牛天敌研究_展茂魁.pdf
251,松幽,Host,JU3yc-1762148851602-马尾松蛀干害虫种群动态与松材线虫病的关系及松褐天牛天敌研究_展茂魁.pdf
252,刘树生,Host,JU3yc-1762148851602-马尾松蛀干害虫种群动态与松材线虫病的关系及松褐天牛天敌研究_展茂魁.pdf
253,单头松 脊吉丁肿,Host,JU3yc-1762148851602-马尾松蛀干害虫种群动态与松材线虫病的关系及松褐天牛天敌研究_展茂魁.pdf
254,马尾松林株,Host,JU3yc-1762148851602-马尾松蛀干害虫种群动态与松材线虫病的关系及松褐天牛天敌研究_展茂魁.pdf
255,Dead Masson pine,Host,松材线虫病疫情指数与气候因素之间的关系.pdf
256,Masson pine forest,Host,松材线虫病疫情指数与气候因素之间的关系.pdf
257,damaged Masson pine,Host,松材线虫病疫情指数与气候因素之间的关系.pdf
258,Masson pine stems,Host,松材线虫病疫情指数与气候因素之间的关系.pdf
259,Masson pine,Host,松材线虫病疫情指数与气候因素之间的关系.pdf
260,松林生态系,Host,松材线虫病疫情指数与气候因素之间的关系.pdf
261,松林生,Host,松材线虫病疫情指数与气候因素之间的关系.pdf
262,松毛虫,Host,JItW6-1762148810582-中国森林保护学科发展历程研究_曾凡勇.pdf
263,紫胶树,Host,JItW6-1762148810582-中国森林保护学科发展历程研究_曾凡勇.pdf
264,松小蠹,Host,JItW6-1762148810582-中国森林保护学科发展历程研究_曾凡勇.pdf
265,松干蚧,Host,JItW6-1762148810582-中国森林保护学科发展历程研究_曾凡勇.pdf
266,马尾松尺蠖,Host,JItW6-1762148810582-中国森林保护学科发展历程研究_曾凡勇.pdf
267,松梢螟,Host,JItW6-1762148810582-中国森林保护学科发展历程研究_曾凡勇.pdf
268,松毛虫研究室,Host,JItW6-1762148810582-中国森林保护学科发展历程研究_曾凡勇.pdf
269,防治果树干部蛀食,Host,JItW6-1762148810582-中国森林保护学科发展历程研究_曾凡勇.pdf
270,松柏类,Host,JItW6-1762148810582-中国森林保护学科发展历程研究_曾凡勇.pdf
271,杨树害,Host,JItW6-1762148810582-中国森林保护学科发展历程研究_曾凡勇.pdf
272,杨树天,Host,JItW6-1762148810582-中国森林保护学科发展历程研究_曾凡勇.pdf
273,园林树木害虫 防治法,Host,JItW6-1762148810582-中国森林保护学科发展历程研究_曾凡勇.pdf
274,松干蚧生命表,Host,JItW6-1762148810582-中国森林保护学科发展历程研究_曾凡勇.pdf
275,松抗性,Host,JItW6-1762148810582-中国森林保护学科发展历程研究_曾凡勇.pdf
276,松对松,Host,JItW6-1762148810582-中国森林保护学科发展历程研究_曾凡勇.pdf
277,叶松,Host,JItW6-1762148810582-中国森林保护学科发展历程研究_曾凡勇.pdf
278,杨树树,Host,JItW6-1762148810582-中国森林保护学科发展历程研究_曾凡勇.pdf
279,马尾松毛虫性,Host,JItW6-1762148810582-中国森林保护学科发展历程研究_曾凡勇.pdf
280,松鸦,Host,JItW6-1762148810582-中国森林保护学科发展历程研究_曾凡勇.pdf
281,杨树林,Host,JItW6-1762148810582-中国森林保护学科发展历程研究_曾凡勇.pdf
282,松树幼,Host,JItW6-1762148810582-中国森林保护学科发展历程研究_曾凡勇.pdf
283,谭松山,Host,JItW6-1762148810582-中国森林保护学科发展历程研究_曾凡勇.pdf
284,杨树烂,Host,JItW6-1762148810582-中国森林保护学科发展历程研究_曾凡勇.pdf
285,杨树腐,Host,JItW6-1762148810582-中国森林保护学科发展历程研究_曾凡勇.pdf
286,杨树叶,Host,JItW6-1762148810582-中国森林保护学科发展历程研究_曾凡勇.pdf
287,杨树溃,Host,JItW6-1762148810582-中国森林保护学科发展历程研究_曾凡勇.pdf
288,松毛虫赤眼蜂防治杉梢小卷蛾,Host,JItW6-1762148810582-中国森林保护学科发展历程研究_曾凡勇.pdf
289,松毛虫天敌（,Host,JItW6-1762148810582-中国森林保护学科发展历程研究_曾凡勇.pdf
290,落叶松害虫及其防治,Host,JItW6-1762148810582-中国森林保护学科发展历程研究_曾凡勇.pdf
291,松毛虫滞育,Host,JItW6-1762148810582-中国森林保护学科发展历程研究_曾凡勇.pdf
292,松毛虫CPV,Host,JItW6-1762148810582-中国森林保护学科发展历程研究_曾凡勇.pdf
293,松毛虫综合管理,Host,JItW6-1762148810582-中国森林保护学科发展历程研究_曾凡勇.pdf
294,全国主要树种主要,Host,JItW6-1762148810582-中国森林保护学科发展历程研究_曾凡勇.pdf
295,五针松,Host,JItW6-1762148810582-中国森林保护学科发展历程研究_曾凡勇.pdf
296,杨树栅,Host,JItW6-1762148810582-中国森林保护学科发展历程研究_曾凡勇.pdf
297,松苗猝,Host,JItW6-1762148810582-中国森林保护学科发展历程研究_曾凡勇.pdf
298,杨树介,Host,JItW6-1762148810582-中国森林保护学科发展历程研究_曾凡勇.pdf
299,欧山松大小蠹,Host,JItW6-1762148810582-中国森林保护学科发展历程研究_曾凡勇.pdf
300,松毛虫防治,Host,JItW6-1762148810582-中国森林保护学科发展历程研究_曾凡勇.pdf
301,陈树椿,Host,JItW6-1762148810582-中国森林保护学科发展历程研究_曾凡勇.pdf
302,马尾松毛虫天敌图志,Host,JItW6-1762148810582-中国森林保护学科发展历程研究_曾凡勇.pdf
303,松杉球,Host,JItW6-1762148810582-中国森林保护学科发展历程研究_曾凡勇.pdf
304,杨树受,Host,JItW6-1762148810582-中国森林保护学科发展历程研究_曾凡勇.pdf
305,杨树活,Host,JItW6-1762148810582-中国森林保护学科发展历程研究_曾凡勇.pdf
306,杨树抗,Host,JItW6-1762148810582-中国森林保护学科发展历程研究_曾凡勇.pdf
307,杨树炭,Host,JItW6-1762148810582-中国森林保护学科发展历程研究_曾凡勇.pdf
308,南方主要树种害虫综合管理,Host,JItW6-1762148810582-中国森林保护学科发展历程研究_曾凡勇.pdf
309,杨树蛀,Host,JItW6-1762148810582-中国森林保护学科发展历程研究_曾凡勇.pdf
310,王成树,Host,JItW6-1762148810582-中国森林保护学科发展历程研究_曾凡勇.pdf
311,何松林,Host,JItW6-1762148810582-中国森林保护学科发展历程研究_曾凡勇.pdf
312,松雀鹰,Host,JItW6-1762148810582-中国森林保护学科发展历程研究_曾凡勇.pdf
313,杨树花,Host,JItW6-1762148810582-中国森林保护学科发展历程研究_曾凡勇.pdf
314,松疱锈,Host,JItW6-1762148810582-中国森林保护学科发展历程研究_曾凡勇.pdf
315,林树种,Host,JItW6-1762148810582-中国森林保护学科发展历程研究_曾凡勇.pdf
316,杨树人,Host,JItW6-1762148810582-中国森林保护学科发展历程研究_曾凡勇.pdf
317,松针褐,Host,XlZVN-1762148845443-浙江省松材线虫病环境影响经济评价与治理研究_李兰英.pdf
318,松叶蜂,Host,XlZVN-1762148845443-浙江省松材线虫病环境影响经济评价与治理研究_李兰英.pdf
319,松纯林,Host,XlZVN-1762148845443-浙江省松材线虫病环境影响经济评价与治理研究_李兰英.pdf
320,松材 线虫病(Pine,Host,XlZVN-1762148845443-浙江省松材线虫病环境影响经济评价与治理研究_李兰英.pdf
321,柳树林,Host,XlZVN-1762148845443-浙江省松材线虫病环境影响经济评价与治理研究_李兰英.pdf
322,马尾松毛虫害,Host,XlZVN-1762148845443-浙江省松材线虫病环境影响经济评价与治理研究_李兰英.pdf
323,松林来说,Host,XlZVN-1762148845443-浙江省松材线虫病环境影响经济评价与治理研究_李兰英.pdf
324,树种(Mamiya,Host,XlZVN-1762148845443-浙江省松材线虫病环境影响经济评价与治理研究_李兰英.pdf
325,松(P,Host,XlZVN-1762148845443-浙江省松材线虫病环境影响经济评价与治理研究_李兰英.pdf
326,松(,Host,XlZVN-1762148845443-浙江省松材线虫病环境影响经济评价与治理研究_李兰英.pdf
327,松树树脂,Host,XlZVN-1762148845443-浙江省松材线虫病环境影响经济评价与治理研究_李兰英.pdf
328,松树一旦,Host,XlZVN-1762148845443-浙江省松材线虫病环境影响经济评价与治理研究_李兰英.pdf
329,马尾松天然林,Host,XlZVN-1762148845443-浙江省松材线虫病环境影响经济评价与治理研究_李兰英.pdf
330,马尾松天然,Host,XlZVN-1762148845443-浙江省松材线虫病环境影响经济评价与治理研究_李兰英.pdf
331,松林郁,Host,XlZVN-1762148845443-浙江省松材线虫病环境影响经济评价与治理研究_李兰英.pdf
332,周围松,Host,XlZVN-1762148845443-浙江省松材线虫病环境影响经济评价与治理研究_李兰英.pdf
333,松林涵养水源,Host,XlZVN-1762148845443-浙江省松材线虫病环境影响经济评价与治理研究_李兰英.pdf
334,万松岭,Host,XlZVN-1762148845443-浙江省松材线虫病环境影响经济评价与治理研究_李兰英.pdf
335,万松关,Host,XlZVN-1762148845443-浙江省松材线虫病环境影响经济评价与治理研究_李兰英.pdf
336,松林减,Host,XlZVN-1762148845443-浙江省松材线虫病环境影响经济评价与治理研究_李兰英.pdf
337,松脂),Host,XlZVN-1762148845443-浙江省松材线虫病环境影响经济评价与治理研究_李兰英.pdf
338,松脂,Host,XlZVN-1762148845443-浙江省松材线虫病环境影响经济评价与治理研究_李兰英.pdf
339,查清松,Host,XlZVN-1762148845443-浙江省松材线虫病环境影响经济评价与治理研究_李兰英.pdf
340,松林而言,Host,XlZVN-1762148845443-浙江省松材线虫病环境影响经济评价与治理研究_李兰英.pdf
341,叶树混,Host,XlZVN-1762148845443-浙江省松材线虫病环境影响经济评价与治理研究_李兰英.pdf
342,松林群落,Host,XlZVN-1762148845443-浙江省松材线虫病环境影响经济评价与治理研究_李兰英.pdf
343,叶树会,Host,XlZVN-1762148845443-浙江省松材线虫病环境影响经济评价与治理研究_李兰英.pdf
344,马尾松 林,Host,XlZVN-1762148845443-浙江省松材线虫病环境影响经济评价与治理研究_李兰英.pdf
345,马尾松试验林,Host,XlZVN-1762148845443-浙江省松材线虫病环境影响经济评价与治理研究_李兰英.pdf
346,松林有林,Host,XlZVN-1762148845443-浙江省松材线虫病环境影响经济评价与治理研究_李兰英.pdf
347,王如松,Host,XlZVN-1762148845443-浙江省松材线虫病环境影响经济评价与治理研究_李兰英.pdf
348,松树点,Host,XlZVN-1762148845443-浙江省松材线虫病环境影响经济评价与治理研究_李兰英.pdf
349,迎客松,Host,XlZVN-1762148845443-浙江省松材线虫病环境影响经济评价与治理研究_李兰英.pdf
350,九里松地处,Host,XlZVN-1762148845443-浙江省松材线虫病环境影响经济评价与治理研究_李兰英.pdf
351,松树日,Host,XlZVN-1762148845443-浙江省松材线虫病环境影响经济评价与治理研究_李兰英.pdf
352,松林面,Host,XlZVN-1762148845443-浙江省松材线虫病环境影响经济评价与治理研究_李兰英.pdf
353,松制品,Host,XlZVN-1762148845443-浙江省松材线虫病环境影响经济评价与治理研究_李兰英.pdf
354,圣诞树,Host,XlZVN-1762148845443-浙江省松材线虫病环境影响经济评价与治理研究_李兰英.pdf
355,叶树林,Host,XlZVN-1762148845443-浙江省松材线虫病环境影响经济评价与治理研究_李兰英.pdf
356,松线光,Host,XlZVN-1762148845443-浙江省松材线虫病环境影响经济评价与治理研究_李兰英.pdf
357,松树松,Host,XlZVN-1762148845443-浙江省松材线虫病环境影响经济评价与治理研究_李兰英.pdf
358,Vullemin 防治松,Host,XlZVN-1762148845443-浙江省松材线虫病环境影响经济评价与治理研究_李兰英.pdf
359,松疫木,Host,XlZVN-1762148845443-浙江省松材线虫病环境影响经济评价与治理研究_李兰英.pdf
360,保松灵,Host,XlZVN-1762148845443-浙江省松材线虫病环境影响经济评价与治理研究_李兰英.pdf
361,松林多,Host,XlZVN-1762148845443-浙江省松材线虫病环境影响经济评价与治理研究_李兰英.pdf
362,松林经营者,Host,XlZVN-1762148845443-浙江省松材线虫病环境影响经济评价与治理研究_李兰英.pdf
363,其主要原因是天台 县东部乡镇的松林较稀疏 松木密度低,Host,气候要素对天台松材线虫病疫情的影响.pdf
364,松树整,Host,气候要素对天台松材线虫病疫情的影响.pdf
365,马尾松数据,Host,气候要素对天台松材线虫病疫情的影响.pdf
366,松木面,Host,气候要素对天台松材线虫病疫情的影响.pdf
367,松墨 天,Host,气候要素对天台松材线虫病疫情的影响.pdf
368,henan pine,Host,气候变化背景下松材线虫在中国分布的时空变化预测.pdf
369,基于长汀水土流失治理过程中马尾松林松,Host,基于长汀水土流失治理过程中马尾松林松材线虫病与气候因素之间的关系.pdf
370,尾松作为先锋树种 在治理水土流失过程中发挥了重,Host,基于长汀水土流失治理过程中马尾松林松材线虫病与气候因素之间的关系.pdf
371,马尾松是长 汀县水土流失治理过程中的主要树种,Host,基于长汀水土流失治理过程中马尾松林松材线虫病与气候因素之间的关系.pdf
372,马尾松是长汀县水土流失治理区的先锋树种和功,Host,基于长汀水土流失治理过程中马尾松林松材线虫病与气候因素之间的关系.pdf
373,vol 2024 基于长汀水土流失治理过程中马尾松林松,Host,基于长汀水土流失治理过程中马尾松林松材线虫病与气候因素之间的关系.pdf
374,马尾松是长汀县水土流失治理区的先锋树种和功 勋树种,Host,基于长汀水土流失治理过程中马尾松林松材线虫病与气候因素之间的关系.pdf
375,变色,Symptom,ZGds6-1762148816090-松材线虫病害早期星-机-地遥感诊断光谱特征研究_李霓雯.pdf
376,黄化,Symptom,ZGds6-1762148816090-松材线虫病害早期星-机-地遥感诊断光谱特征研究_李霓雯.pdf
377,枯死,Symptom,ZGds6-1762148816090-松材线虫病害早期星-机-地遥感诊断光谱特征研究_李霓雯.pdf
378,黄化病,Symptom,ZGds6-1762148816090-松材线虫病害早期星-机-地遥感诊断光谱特征研究_李霓雯.pdf
379,萎蔫,Symptom,Pc5Bj-1762148820023-松材线虫病媒介天牛种类调查及其传播机制研究_王洋.pdf
380,整株枯死,Symptom,我国松材线虫病的扩散趋势及气候对疫情的影响研究_张潮.pdf
381,树脂分泌停止,Symptom,我国松材线虫病的扩散趋势及气候对疫情的影响研究_张潮.pdf
382,树干失水,Symptom,JU3yc-1762148851602-马尾松蛀干害虫种群动态与松材线虫病的关系及松褐天牛天敌研究_展茂魁.pdf
383,蓝变,Symptom,JItW6-1762148810582-中国森林保护学科发展历程研究_曾凡勇.pdf
384,江西农业 下半月刊 各乡镇松木枯死密度代入对应区域站的经纬度,Symptom,气候要素对天台松材线虫病疫情的影响.pdf
385,枯死木,Symptom,气候要素对天台松材线虫病疫情的影响.pdf
386,监测,ControlMeasure,ZGds6-1762148816090-松材线虫病害早期星-机-地遥感诊断光谱特征研究_李霓雯.pdf
387,防治措施,ControlMeasure,ZGds6-1762148816090-松材线虫病害早期星-机-地遥感诊断光谱特征研究_李霓雯.pdf
388,焚烧,ControlMeasure,ZGds6-1762148816090-松材线虫病害早期星-机-地遥感诊断光谱特征研究_李霓雯.pdf
389,熏蒸,ControlMeasure,ZGds6-1762148816090-松材线虫病害早期星-机-地遥感诊断光谱特征研究_李霓雯.pdf
390,防控措施,ControlMeasure,ZGds6-1762148816090-松材线虫病害早期星-机-地遥感诊断光谱特征研究_李霓雯.pdf
391,检疫,ControlMeasure,ZGds6-1762148816090-松材线虫病害早期星-机-地遥感诊断光谱特征研究_李霓雯.pdf
392,诱捕器,ControlMeasure,4ERGo-1762148839583-泰山松材线虫病、美国白蛾风险分析评估与预警技术研究_申卫星.pdf
393,生物防治,ControlMeasure,4ERGo-1762148839583-泰山松材线虫病、美国白蛾风险分析评估与预警技术研究_申卫星.pdf
394,除害处理,ControlMeasure,4ERGo-1762148839583-泰山松材线虫病、美国白蛾风险分析评估与预警技术研究_申卫星.pdf
395,国际植物检疫,ControlMeasure,4ERGo-1762148839583-泰山松材线虫病、美国白蛾风险分析评估与预警技术研究_申卫星.pdf
396,浙江省森防检疫站,ControlMeasure,4ERGo-1762148839583-泰山松材线虫病、美国白蛾风险分析评估与预警技术研究_申卫星.pdf
397,泰山木材检疫,ControlMeasure,4ERGo-1762148839583-泰山松材线虫病、美国白蛾风险分析评估与预警技术研究_申卫星.pdf
398,Location 诱捕器,ControlMeasure,4ERGo-1762148839583-泰山松材线虫病、美国白蛾风险分析评估与预警技术研究_申卫星.pdf
399,林业有害生物防治检疫站和德兴市林业有害生物防,ControlMeasure,基于灰色关联度分析气候因素对江西省松材线虫病的影响.pdf
400,林业有害生物防治检疫站和德兴市林业有害生物防 治检疫站提供,ControlMeasure,基于灰色关联度分析气候因素对江西省松材线虫病的影响.pdf
401,江西省林业有害生物防治检疫中心,ControlMeasure,基于灰色关联度分析气候因素对江西省松材线虫病的影响.pdf
402,江西省林业有害生物防治检疫中心 南昌330006,ControlMeasure,基于灰色关联度分析气候因素对江西省松材线虫病的影响.pdf
403,江西省上饶市德兴市林业有害生物防治检疫站,ControlMeasure,基于灰色关联度分析气候因素对江西省松材线虫病的影响.pdf
404,江西省赣州市仝南县林业有害生物防治检疫站,ControlMeasure,基于灰色关联度分析气候因素对江西省松材线虫病的影响.pdf
405,多国列为检疫,ControlMeasure,Pc5Bj-1762148820023-松材线虫病媒介天牛种类调查及其传播机制研究_王洋.pdf
406,抗性品种,ControlMeasure,气候变化对松材线虫病扩散风险的影响分析——以郁南县为例_雷志华.pdf
407,清理病死树,ControlMeasure,我国松材线虫病的扩散趋势及气候对疫情的影响研究_张潮.pdf
408,化学防治,ControlMeasure,我国松材线虫病的扩散趋势及气候对疫情的影响研究_张潮.pdf
409,gis已成为林业有害生物监测和防治领 域中的重要工具,ControlMeasure,我国松材线虫病的扩散趋势及气候对疫情的影响研究_张潮.pdf
410,gis 在林业有害生物监测和防治中的应用,ControlMeasure,我国松材线虫病的扩散趋势及气候对疫情的影响研究_张潮.pdf
411,gis已成为林业有害生物监测和防治领,ControlMeasure,我国松材线虫病的扩散趋势及气候对疫情的影响研究_张潮.pdf
412,天敌释放,ControlMeasure,JU3yc-1762148851602-马尾松蛀干害虫种群动态与松材线虫病的关系及松褐天牛天敌研究_展茂魁.pdf
413,注干,ControlMeasure,JU3yc-1762148851602-马尾松蛀干害虫种群动态与松材线虫病的关系及松褐天牛天敌研究_展茂魁.pdf
414,营林措施,ControlMeasure,JU3yc-1762148851602-马尾松蛀干害虫种群动态与松材线虫病的关系及松褐天牛天敌研究_展茂魁.pdf
415,隔离带,ControlMeasure,JU3yc-1762148851602-马尾松蛀干害虫种群动态与松材线虫病的关系及松褐天牛天敌研究_展茂魁.pdf
416,中 国柑桔介壳虫及其生物防治,ControlMeasure,JItW6-1762148810582-中国森林保护学科发展历程研究_曾凡勇.pdf
417,防治法,ControlMeasure,JItW6-1762148810582-中国森林保护学科发展历程研究_曾凡勇.pdf
418,动植物检疫,ControlMeasure,JItW6-1762148810582-中国森林保护学科发展历程研究_曾凡勇.pdf
419,农作物检疫条例,ControlMeasure,JItW6-1762148810582-中国森林保护学科发展历程研究_曾凡勇.pdf
420,农产检疫所检验病,ControlMeasure,JItW6-1762148810582-中国森林保护学科发展历程研究_曾凡勇.pdf
421,林防治,ControlMeasure,JItW6-1762148810582-中国森林保护学科发展历程研究_曾凡勇.pdf
422,防浪林害虫及其防治,ControlMeasure,JItW6-1762148810582-中国森林保护学科发展历程研究_曾凡勇.pdf
423,输入输出植物检疫,ControlMeasure,JItW6-1762148810582-中国森林保护学科发展历程研究_曾凡勇.pdf
424,输入输出植物应施 检疫,ControlMeasure,JItW6-1762148810582-中国森林保护学科发展历程研究_曾凡勇.pdf
425,国内植物检疫,ControlMeasure,JItW6-1762148810582-中国森林保护学科发展历程研究_曾凡勇.pdf
426,进口植物检疫,ControlMeasure,JItW6-1762148810582-中国森林保护学科发展历程研究_曾凡勇.pdf
427,对外植物检疫,ControlMeasure,JItW6-1762148810582-中国森林保护学科发展历程研究_曾凡勇.pdf
428,南方森林植物检疫实验站,ControlMeasure,JItW6-1762148810582-中国森林保护学科发展历程研究_曾凡勇.pdf
429,防治所,ControlMeasure,JItW6-1762148810582-中国森林保护学科发展历程研究_曾凡勇.pdf
430,森林植物检疫,ControlMeasure,JItW6-1762148810582-中国森林保护学科发展历程研究_曾凡勇.pdf
431,广东省森林病虫害生物防治实验室,ControlMeasure,JItW6-1762148810582-中国森林保护学科发展历程研究_曾凡勇.pdf
432,全国森林植物检疫,ControlMeasure,JItW6-1762148810582-中国森林保护学科发展历程研究_曾凡勇.pdf
433,杨树苗木检疫,ControlMeasure,JItW6-1762148810582-中国森林保护学科发展历程研究_曾凡勇.pdf
434,关 于对外植物检疫,ControlMeasure,JItW6-1762148810582-中国森林保护学科发展历程研究_曾凡勇.pdf
435,美国白蛾检疫,ControlMeasure,JItW6-1762148810582-中国森林保护学科发展历程研究_曾凡勇.pdf
436,中华人民共和国进出口动植物检疫条例,ControlMeasure,JItW6-1762148810582-中国森林保护学科发展历程研究_曾凡勇.pdf
437,植物检疫条例,ControlMeasure,JItW6-1762148810582-中国森林保护学科发展历程研究_曾凡勇.pdf
438,国外林木检疫,ControlMeasure,JItW6-1762148810582-中国森林保护学科发展历程研究_曾凡勇.pdf
439,中华人民共和国进出口植物检疫对象名单,ControlMeasure,JItW6-1762148810582-中国森林保护学科发展历程研究_曾凡勇.pdf
440,森林植物检疫技术规程,ControlMeasure,JItW6-1762148810582-中国森林保护学科发展历程研究_曾凡勇.pdf
441,输美货物木质包装检疫,ControlMeasure,JItW6-1762148810582-中国森林保护学科发展历程研究_曾凡勇.pdf
442,在全国开展建立无检疫,ControlMeasure,JItW6-1762148810582-中国森林保护学科发展历程研究_曾凡勇.pdf
443,林木检疫,ControlMeasure,JItW6-1762148810582-中国森林保护学科发展历程研究_曾凡勇.pdf
444,森林动植物检疫学,ControlMeasure,JItW6-1762148810582-中国森林保护学科发展历程研究_曾凡勇.pdf
445,黄脊竹 蝗科学防控,ControlMeasure,JItW6-1762148810582-中国森林保护学科发展历程研究_曾凡勇.pdf
446,林业有害生物防治补助费,ControlMeasure,JItW6-1762148810582-中国森林保护学科发展历程研究_曾凡勇.pdf
447,全国林业检疫性,ControlMeasure,JItW6-1762148810582-中国森林保护学科发展历程研究_曾凡勇.pdf
448,喷洒农药,ControlMeasure,XlZVN-1762148845443-浙江省松材线虫病环境影响经济评价与治理研究_李兰英.pdf
449,粉碎,ControlMeasure,XlZVN-1762148845443-浙江省松材线虫病环境影响经济评价与治理研究_李兰英.pdf
450,浙江省森防检疫工作总结,ControlMeasure,XlZVN-1762148845443-浙江省松材线虫病环境影响经济评价与治理研究_李兰英.pdf
451,中国农业生态监测网络建设规划,ControlMeasure,XlZVN-1762148845443-浙江省松材线虫病环境影响经济评价与治理研究_李兰英.pdf
452,如进 口方检疫,ControlMeasure,XlZVN-1762148845443-浙江省松材线虫病环境影响经济评价与治理研究_李兰英.pdf
453,浙江省植物检疫,ControlMeasure,XlZVN-1762148845443-浙江省松材线虫病环境影响经济评价与治理研究_李兰英.pdf
454,中国,Region,ZGds6-1762148816090-松材线虫病害早期星-机-地遥感诊断光谱特征研究_李霓雯.pdf
455,韩国,Region,ZGds6-1762148816090-松材线虫病害早期星-机-地遥感诊断光谱特征研究_李霓雯.pdf
456,山东省,Region,ZGds6-1762148816090-松材线虫病害早期星-机-地遥感诊断光谱特征研究_李霓雯.pdf
457,安徽,Region,ZGds6-1762148816090-松材线虫病害早期星-机-地遥感诊断光谱特征研究_李霓雯.pdf
458,安徽省,Region,ZGds6-1762148816090-松材线虫病害早期星-机-地遥感诊断光谱特征研究_李霓雯.pdf
459,辽宁省,Region,ZGds6-1762148816090-松材线虫病害早期星-机-地遥感诊断光谱特征研究_李霓雯.pdf
460,浙江,Region,ZGds6-1762148816090-松材线虫病害早期星-机-地遥感诊断光谱特征研究_李霓雯.pdf
461,山东,Region,ZGds6-1762148816090-松材线虫病害早期星-机-地遥感诊断光谱特征研究_李霓雯.pdf
462,南京,Region,ZGds6-1762148816090-松材线虫病害早期星-机-地遥感诊断光谱特征研究_李霓雯.pdf
463,辽宁,Region,ZGds6-1762148816090-松材线虫病害早期星-机-地遥感诊断光谱特征研究_李霓雯.pdf
464,中国科技部,Region,ZGds6-1762148816090-松材线虫病害早期星-机-地遥感诊断光谱特征研究_李霓雯.pdf
465,日本(Mamiya,Region,ZGds6-1762148816090-松材线虫病害早期星-机-地遥感诊断光谱特征研究_李霓雯.pdf
466,韩国(Choi and Park,Region,ZGds6-1762148816090-松材线虫病害早期星-机-地遥感诊断光谱特征研究_李霓雯.pdf
467,威海市,Region,ZGds6-1762148816090-松材线虫病害早期星-机-地遥感诊断光谱特征研究_李霓雯.pdf
468,六安市霍山县,Region,ZGds6-1762148816090-松材线虫病害早期星-机-地遥感诊断光谱特征研究_李霓雯.pdf
469,霍山县,Region,ZGds6-1762148816090-松材线虫病害早期星-机-地遥感诊断光谱特征研究_李霓雯.pdf
470,东洲区,Region,ZGds6-1762148816090-松材线虫病害早期星-机-地遥感诊断光谱特征研究_李霓雯.pdf
471,辽宁抚顺红松,Region,ZGds6-1762148816090-松材线虫病害早期星-机-地遥感诊断光谱特征研究_李霓雯.pdf
472,浅色区,Region,ZGds6-1762148816090-松材线虫病害早期星-机-地遥感诊断光谱特征研究_李霓雯.pdf
473,六安市,Region,ZGds6-1762148816090-松材线虫病害早期星-机-地遥感诊断光谱特征研究_李霓雯.pdf
474,福建,Region,4ERGo-1762148839583-泰山松材线虫病、美国白蛾风险分析评估与预警技术研究_申卫星.pdf
475,泰山,Region,4ERGo-1762148839583-泰山松材线虫病、美国白蛾风险分析评估与预警技术研究_申卫星.pdf
476,黄山,Region,4ERGo-1762148839583-泰山松材线虫病、美国白蛾风险分析评估与预警技术研究_申卫星.pdf
477,浙江省,Region,4ERGo-1762148839583-泰山松材线虫病、美国白蛾风险分析评估与预警技术研究_申卫星.pdf
478,陕西省,Region,4ERGo-1762148839583-泰山松材线虫病、美国白蛾风险分析评估与预警技术研究_申卫星.pdf
479,湖南,Region,4ERGo-1762148839583-泰山松材线虫病、美国白蛾风险分析评估与预警技术研究_申卫星.pdf
480,湖南省,Region,4ERGo-1762148839583-泰山松材线虫病、美国白蛾风险分析评估与预警技术研究_申卫星.pdf
481,广东省,Region,4ERGo-1762148839583-泰山松材线虫病、美国白蛾风险分析评估与预警技术研究_申卫星.pdf
482,陕西,Region,4ERGo-1762148839583-泰山松材线虫病、美国白蛾风险分析评估与预警技术研究_申卫星.pdf
483,贵州,Region,4ERGo-1762148839583-泰山松材线虫病、美国白蛾风险分析评估与预警技术研究_申卫星.pdf
484,北京,Region,4ERGo-1762148839583-泰山松材线虫病、美国白蛾风险分析评估与预警技术研究_申卫星.pdf
485,重庆,Region,4ERGo-1762148839583-泰山松材线虫病、美国白蛾风险分析评估与预警技术研究_申卫星.pdf
486,江西,Region,4ERGo-1762148839583-泰山松材线虫病、美国白蛾风险分析评估与预警技术研究_申卫星.pdf
487,上海,Region,4ERGo-1762148839583-泰山松材线虫病、美国白蛾风险分析评估与预警技术研究_申卫星.pdf
488,云南省,Region,4ERGo-1762148839583-泰山松材线虫病、美国白蛾风险分析评估与预警技术研究_申卫星.pdf
489,湖北,Region,4ERGo-1762148839583-泰山松材线虫病、美国白蛾风险分析评估与预警技术研究_申卫星.pdf
490,四川,Region,4ERGo-1762148839583-泰山松材线虫病、美国白蛾风险分析评估与预警技术研究_申卫星.pdf
491,广东,Region,4ERGo-1762148839583-泰山松材线虫病、美国白蛾风险分析评估与预警技术研究_申卫星.pdf
492,江苏,Region,4ERGo-1762148839583-泰山松材线虫病、美国白蛾风险分析评估与预警技术研究_申卫星.pdf
493,台湾,Region,4ERGo-1762148839583-泰山松材线虫病、美国白蛾风险分析评估与预警技术研究_申卫星.pdf
494,山东农业大学博士毕业论文 pra pest,Region,4ERGo-1762148839583-泰山松材线虫病、美国白蛾风险分析评估与预警技术研究_申卫星.pdf
495,Mount Tai 山东农业大学博士毕业论文,Region,4ERGo-1762148839583-泰山松材线虫病、美国白蛾风险分析评估与预警技术研究_申卫星.pdf
496,山东农业大学博士毕业论文,Region,4ERGo-1762148839583-泰山松材线虫病、美国白蛾风险分析评估与预警技术研究_申卫星.pdf
497,山东农业大学,Region,4ERGo-1762148839583-泰山松材线虫病、美国白蛾风险分析评估与预警技术研究_申卫星.pdf
498,泰山松材线,Region,4ERGo-1762148839583-泰山松材线虫病、美国白蛾风险分析评估与预警技术研究_申卫星.pdf
499,中华国山,Region,4ERGo-1762148839583-泰山松材线虫病、美国白蛾风险分析评估与预警技术研究_申卫星.pdf
500,泰安市,Region,4ERGo-1762148839583-泰山松材线虫病、美国白蛾风险分析评估与预警技术研究_申卫星.pdf
501,植物区系,Region,4ERGo-1762148839583-泰山松材线虫病、美国白蛾风险分析评估与预警技术研究_申卫星.pdf
502,华北植物区系,Region,4ERGo-1762148839583-泰山松材线虫病、美国白蛾风险分析评估与预警技术研究_申卫星.pdf
503,泰山植,Region,4ERGo-1762148839583-泰山松材线虫病、美国白蛾风险分析评估与预警技术研究_申卫星.pdf
504,泰山中上部,Region,4ERGo-1762148839583-泰山松材线虫病、美国白蛾风险分析评估与预警技术研究_申卫星.pdf
505,南京市,Region,4ERGo-1762148839583-泰山松材线虫病、美国白蛾风险分析评估与预警技术研究_申卫星.pdf
506,马鞍山市,Region,4ERGo-1762148839583-泰山松材线虫病、美国白蛾风险分析评估与预警技术研究_申卫星.pdf
507,青岛市,Region,4ERGo-1762148839583-泰山松材线虫病、美国白蛾风险分析评估与预警技术研究_申卫星.pdf
508,荣成市,Region,4ERGo-1762148839583-泰山松材线虫病、美国白蛾风险分析评估与预警技术研究_申卫星.pdf
509,丹东市,Region,4ERGo-1762148839583-泰山松材线虫病、美国白蛾风险分析评估与预警技术研究_申卫星.pdf
510,杨宝山,Region,4ERGo-1762148839583-泰山松材线虫病、美国白蛾风险分析评估与预警技术研究_申卫星.pdf
511,日本植物区系,Region,4ERGo-1762148839583-泰山松材线虫病、美国白蛾风险分析评估与预警技术研究_申卫星.pdf
512,河北省,Region,4ERGo-1762148839583-泰山松材线虫病、美国白蛾风险分析评估与预警技术研究_申卫星.pdf
513,金华市,Region,4ERGo-1762148839583-泰山松材线虫病、美国白蛾风险分析评估与预警技术研究_申卫星.pdf
514,苏省,Region,4ERGo-1762148839583-泰山松材线虫病、美国白蛾风险分析评估与预警技术研究_申卫星.pdf
515,泰山山城,Region,4ERGo-1762148839583-泰山松材线虫病、美国白蛾风险分析评估与预警技术研究_申卫星.pdf
516,泰山风景区,Region,4ERGo-1762148839583-泰山松材线虫病、美国白蛾风险分析评估与预警技术研究_申卫星.pdf
517,北长山,Region,4ERGo-1762148839583-泰山松材线虫病、美国白蛾风险分析评估与预警技术研究_申卫星.pdf
518,中国林科院亚林所研制,Region,4ERGo-1762148839583-泰山松材线虫病、美国白蛾风险分析评估与预警技术研究_申卫星.pdf
519,南天门管理区,Region,4ERGo-1762148839583-泰山松材线虫病、美国白蛾风险分析评估与预警技术研究_申卫星.pdf
520,泰山美国白蛾,Region,4ERGo-1762148839583-泰山松材线虫病、美国白蛾风险分析评估与预警技术研究_申卫星.pdf
521,南方地区,Region,4ERGo-1762148839583-泰山松材线虫病、美国白蛾风险分析评估与预警技术研究_申卫星.pdf
522,泰山地区,Region,4ERGo-1762148839583-泰山松材线虫病、美国白蛾风险分析评估与预警技术研究_申卫星.pdf
523,山西,Region,4ERGo-1762148839583-泰山松材线虫病、美国白蛾风险分析评估与预警技术研究_申卫星.pdf
524,泰山松林,Region,4ERGo-1762148839583-泰山松材线虫病、美国白蛾风险分析评估与预警技术研究_申卫星.pdf
525,泰山松,Region,4ERGo-1762148839583-泰山松材线虫病、美国白蛾风险分析评估与预警技术研究_申卫星.pdf
526,泰山林科院,Region,4ERGo-1762148839583-泰山松材线虫病、美国白蛾风险分析评估与预警技术研究_申卫星.pdf
527,山楂（,Region,4ERGo-1762148839583-泰山松材线虫病、美国白蛾风险分析评估与预警技术研究_申卫星.pdf
528,巴山,Region,4ERGo-1762148839583-泰山松材线虫病、美国白蛾风险分析评估与预警技术研究_申卫星.pdf
529,山槐（Albizia kalkora,Region,4ERGo-1762148839583-泰山松材线虫病、美国白蛾风险分析评估与预警技术研究_申卫星.pdf
530,泰山防控,Region,4ERGo-1762148839583-泰山松材线虫病、美国白蛾风险分析评估与预警技术研究_申卫星.pdf
531,泰山周,Region,4ERGo-1762148839583-泰山松材线虫病、美国白蛾风险分析评估与预警技术研究_申卫星.pdf
532,山景区,Region,4ERGo-1762148839583-泰山松材线虫病、美国白蛾风险分析评估与预警技术研究_申卫星.pdf
533,江西省,Region,基于灰色关联度分析气候因素对江西省松材线虫病的影响.pdf
534,北京林业大学,Region,基于灰色关联度分析气候因素对江西省松材线虫病的影响.pdf
535,赣州市,Region,基于灰色关联度分析气候因素对江西省松材线虫病的影响.pdf
536,德兴市,Region,基于灰色关联度分析气候因素对江西省松材线虫病的影响.pdf
537,南京中山陵,Region,基于灰色关联度分析气候因素对江西省松材线虫病的影响.pdf
538,吉林省,Region,基于灰色关联度分析气候因素对江西省松材线虫病的影响.pdf
539,赣州市章贡区,Region,基于灰色关联度分析气候因素对江西省松材线虫病的影响.pdf
540,南北地区,Region,基于灰色关联度分析气候因素对江西省松材线虫病的影响.pdf
541,九江市,Region,基于灰色关联度分析气候因素对江西省松材线虫病的影响.pdf
542,南县,Region,基于灰色关联度分析气候因素对江西省松材线虫病的影响.pdf
543,德兴市气象站点基本信息 Table,Region,基于灰色关联度分析气候因素对江西省松材线虫病的影响.pdf
544,兴市,Region,基于灰色关联度分析气候因素对江西省松材线虫病的影响.pdf
545,湖北民族学院,Region,基于灰色关联度分析气候因素对江西省松材线虫病的影响.pdf
546,山西农业大学学报(闩然科学版),Region,基于灰色关联度分析气候因素对江西省松材线虫病的影响.pdf
547,浙江林学院,Region,基于灰色关联度分析气候因素对江西省松材线虫病的影响.pdf
548,中国林业科学研究院,Region,基于灰色关联度分析气候因素对江西省松材线虫病的影响.pdf
549,四川省,Region,Pc5Bj-1762148820023-松材线虫病媒介天牛种类调查及其传播机制研究_王洋.pdf
550,贵州省,Region,Pc5Bj-1762148820023-松材线虫病媒介天牛种类调查及其传播机制研究_王洋.pdf
551,杭州,Region,Pc5Bj-1762148820023-松材线虫病媒介天牛种类调查及其传播机制研究_王洋.pdf
552,黄山市,Region,Pc5Bj-1762148820023-松材线虫病媒介天牛种类调查及其传播机制研究_王洋.pdf
553,佛坪县,Region,Pc5Bj-1762148820023-松材线虫病媒介天牛种类调查及其传播机制研究_王洋.pdf
554,四川省邻水市,Region,Pc5Bj-1762148820023-松材线虫病媒介天牛种类调查及其传播机制研究_王洋.pdf
555,辽宁大连,Region,Pc5Bj-1762148820023-松材线虫病媒介天牛种类调查及其传播机制研究_王洋.pdf
556,辽省宁,Region,Pc5Bj-1762148820023-松材线虫病媒介天牛种类调查及其传播机制研究_王洋.pdf
557,沈阳市,Region,Pc5Bj-1762148820023-松材线虫病媒介天牛种类调查及其传播机制研究_王洋.pdf
558,南京紫金山,Region,Pc5Bj-1762148820023-松材线虫病媒介天牛种类调查及其传播机制研究_王洋.pdf
559,杭州博日生物科技,Region,Pc5Bj-1762148820023-松材线虫病媒介天牛种类调查及其传播机制研究_王洋.pdf
560,辽宁省大连市,Region,Pc5Bj-1762148820023-松材线虫病媒介天牛种类调查及其传播机制研究_王洋.pdf
561,杭州博日科技有限公司,Region,Pc5Bj-1762148820023-松材线虫病媒介天牛种类调查及其传播机制研究_王洋.pdf
562,大连市,Region,Pc5Bj-1762148820023-松材线虫病媒介天牛种类调查及其传播机制研究_王洋.pdf
563,柞水县,Region,Pc5Bj-1762148820023-松材线虫病媒介天牛种类调查及其传播机制研究_王洋.pdf
564,景观区,Region,Pc5Bj-1762148820023-松材线虫病媒介天牛种类调查及其传播机制研究_王洋.pdf
565,山东半岛,Region,Pc5Bj-1762148820023-松材线虫病媒介天牛种类调查及其传播机制研究_王洋.pdf
566,山市,Region,Pc5Bj-1762148820023-松材线虫病媒介天牛种类调查及其传播机制研究_王洋.pdf
567,秦岭山脉,Region,Pc5Bj-1762148820023-松材线虫病媒介天牛种类调查及其传播机制研究_王洋.pdf
568,东南地区,Region,Pc5Bj-1762148820023-松材线虫病媒介天牛种类调查及其传播机制研究_王洋.pdf
569,南京林业大学,Region,Pc5Bj-1762148820023-松材线虫病媒介天牛种类调查及其传播机制研究_王洋.pdf
570,陕西柞水疫区,Region,Pc5Bj-1762148820023-松材线虫病媒介天牛种类调查及其传播机制研究_王洋.pdf
571,以郁南县为例,Region,气候变化对松材线虫病扩散风险的影响分析——以郁南县为例_雷志华.pdf
572,以郁南县为例 雷志华,Region,气候变化对松材线虫病扩散风险的影响分析——以郁南县为例_雷志华.pdf
573,广东省云浮市,Region,气候变化对松材线虫病扩散风险的影响分析——以郁南县为例_雷志华.pdf
574,湖北省,Region,我国松材线虫病的扩散趋势及气候对疫情的影响研究_张潮.pdf
575,福建省,Region,我国松材线虫病的扩散趋势及气候对疫情的影响研究_张潮.pdf
576,重庆市,Region,我国松材线虫病的扩散趋势及气候对疫情的影响研究_张潮.pdf
577,铁岭市,Region,我国松材线虫病的扩散趋势及气候对疫情的影响研究_张潮.pdf
578,西省,Region,我国松材线虫病的扩散趋势及气候对疫情的影响研究_张潮.pdf
579,西北地区,Region,我国松材线虫病的扩散趋势及气候对疫情的影响研究_张潮.pdf
580,河南省,Region,我国松材线虫病的扩散趋势及气候对疫情的影响研究_张潮.pdf
581,浙江省富阳市,Region,我国松材线虫病的扩散趋势及气候对疫情的影响研究_张潮.pdf
582,江西省 林业局,Region,我国松材线虫病的扩散趋势及气候对疫情的影响研究_张潮.pdf
583,江西省气象站点基本信息 Table,Region,我国松材线虫病的扩散趋势及气候对疫情的影响研究_张潮.pdf
584,庐山,Region,我国松材线虫病的扩散趋势及气候对疫情的影响研究_张潮.pdf
585,玉山,Region,我国松材线虫病的扩散趋势及气候对疫情的影响研究_张潮.pdf
586,中国国界,Region,我国松材线虫病的扩散趋势及气候对疫情的影响研究_张潮.pdf
587,盐津县,Region,我国松材线虫病的扩散趋势及气候对疫情的影响研究_张潮.pdf
588,天津市,Region,我国松材线虫病的扩散趋势及气候对疫情的影响研究_张潮.pdf
589,凤阳县,Region,我国松材线虫病的扩散趋势及气候对疫情的影响研究_张潮.pdf
590,山场,Region,我国松材线虫病的扩散趋势及气候对疫情的影响研究_张潮.pdf
591,秦巴山区,Region,我国松材线虫病的扩散趋势及气候对疫情的影响研究_张潮.pdf
592,丹东市振兴区,Region,我国松材线虫病的扩散趋势及气候对疫情的影响研究_张潮.pdf
593,铁岭市开原市,Region,我国松材线虫病的扩散趋势及气候对疫情的影响研究_张潮.pdf
594,辽宁 省铁岭市,Region,我国松材线虫病的扩散趋势及气候对疫情的影响研究_张潮.pdf
595,深圳市,Region,我国松材线虫病的扩散趋势及气候对疫情的影响研究_张潮.pdf
596,龙岗区,Region,我国松材线虫病的扩散趋势及气候对疫情的影响研究_张潮.pdf
597,惠州市,Region,我国松材线虫病的扩散趋势及气候对疫情的影响研究_张潮.pdf
598,高州市,Region,我国松材线虫病的扩散趋势及气候对疫情的影响研究_张潮.pdf
599,抚顺市新 宾满族自治县,Region,我国松材线虫病的扩散趋势及气候对疫情的影响研究_张潮.pdf
600,辽宁省铁岭市开原市,Region,我国松材线虫病的扩散趋势及气候对疫情的影响研究_张潮.pdf
601,南限 香港特别行政区 114.,Region,我国松材线虫病的扩散趋势及气候对疫情的影响研究_张潮.pdf
602,龙岗区移动到,Region,我国松材线虫病的扩散趋势及气候对疫情的影响研究_张潮.pdf
603,茂名市高州市,Region,我国松材线虫病的扩散趋势及气候对疫情的影响研究_张潮.pdf
604,抚顺市,Region,我国松材线虫病的扩散趋势及气候对疫情的影响研究_张潮.pdf
605,舟山市,Region,气候要素对松材线虫病疫情的影响研究.pdf
606,定海区,Region,气候要素对松材线虫病疫情的影响研究.pdf
607,舟山群岛,Region,气候要素对松材线虫病疫情的影响研究.pdf
608,莱芜市,Region,气候要素对松材线虫病疫情的影响研究.pdf
609,中山大学,Region,气候要素对松材线虫病疫情的影响研究.pdf
610,山西农大学,Region,气候要素对松材线虫病疫情的影响研究.pdf
611,太行山,Region,气候要素对松材线虫病疫情的影响研究.pdf
612,浙江宁波,Region,JU3yc-1762148851602-马尾松蛀干害虫种群动态与松材线虫病的关系及松褐天牛天敌研究_展茂魁.pdf
613,2.3 九华山,Region,JU3yc-1762148851602-马尾松蛀干害虫种群动态与松材线虫病的关系及松褐天牛天敌研究_展茂魁.pdf
614,九华山,Region,JU3yc-1762148851602-马尾松蛀干害虫种群动态与松材线虫病的关系及松褐天牛天敌研究_展茂魁.pdf
615,日本脊吉丁,Region,JU3yc-1762148851602-马尾松蛀干害虫种群动态与松材线虫病的关系及松褐天牛天敌研究_展茂魁.pdf
616,北热带地区,Region,JU3yc-1762148851602-马尾松蛀干害虫种群动态与松材线虫病的关系及松褐天牛天敌研究_展茂魁.pdf
617,广州市,Region,JU3yc-1762148851602-马尾松蛀干害虫种群动态与松材线虫病的关系及松褐天牛天敌研究_展茂魁.pdf
618,余姚市,Region,JU3yc-1762148851602-马尾松蛀干害虫种群动态与松材线虫病的关系及松褐天牛天敌研究_展茂魁.pdf
619,中国森林昆虫,Region,JU3yc-1762148851602-马尾松蛀干害虫种群动态与松材线虫病的关系及松褐天牛天敌研究_展茂魁.pdf
620,贵州遵义,Region,JU3yc-1762148851602-马尾松蛀干害虫种群动态与松材线虫病的关系及松褐天牛天敌研究_展茂魁.pdf
621,黄山松,Region,JU3yc-1762148851602-马尾松蛀干害虫种群动态与松材线虫病的关系及松褐天牛天敌研究_展茂魁.pdf
622,山东内蒙古,Region,JU3yc-1762148851602-马尾松蛀干害虫种群动态与松材线虫病的关系及松褐天牛天敌研究_展茂魁.pdf
623,日本脊吉丁 C,Region,JU3yc-1762148851602-马尾松蛀干害虫种群动态与松材线虫病的关系及松褐天牛天敌研究_展茂魁.pdf
624,九华山 Jiuhua,Region,JU3yc-1762148851602-马尾松蛀干害虫种群动态与松材线虫病的关系及松褐天牛天敌研究_展茂魁.pdf
625,浙江省慈溪市,Region,JU3yc-1762148851602-马尾松蛀干害虫种群动态与松材线虫病的关系及松褐天牛天敌研究_展茂魁.pdf
626,矩形区,Region,JU3yc-1762148851602-马尾松蛀干害虫种群动态与松材线虫病的关系及松褐天牛天敌研究_展茂魁.pdf
627,宁波市龙山镇,Region,JU3yc-1762148851602-马尾松蛀干害虫种群动态与松材线虫病的关系及松褐天牛天敌研究_展茂魁.pdf
628,富阳地区,Region,JU3yc-1762148851602-马尾松蛀干害虫种群动态与松材线虫病的关系及松褐天牛天敌研究_展茂魁.pdf
629,林区,Region,JU3yc-1762148851602-马尾松蛀干害虫种群动态与松材线虫病的关系及松褐天牛天敌研究_展茂魁.pdf
630,慈溪市龙山镇,Region,JU3yc-1762148851602-马尾松蛀干害虫种群动态与松材线虫病的关系及松褐天牛天敌研究_展茂魁.pdf
631,慈溪市,Region,JU3yc-1762148851602-马尾松蛀干害虫种群动态与松材线虫病的关系及松褐天牛天敌研究_展茂魁.pdf
632,镇海区,Region,JU3yc-1762148851602-马尾松蛀干害虫种群动态与松材线虫病的关系及松褐天牛天敌研究_展茂魁.pdf
633,九华山林区,Region,JU3yc-1762148851602-马尾松蛀干害虫种群动态与松材线虫病的关系及松褐天牛天敌研究_展茂魁.pdf
634,栗山天,Region,JU3yc-1762148851602-马尾松蛀干害虫种群动态与松材线虫病的关系及松褐天牛天敌研究_展茂魁.pdf
635,山西农业大学生命科学学院,Region,松材线虫病疫情指数与气候因素之间的关系.pdf
636,宜昌市,Region,松材线虫病疫情指数与气候因素之间的关系.pdf
637,夷陵区,Region,松材线虫病疫情指数与气候因素之间的关系.pdf
638,杨州市,Region,松材线虫病疫情指数与气候因素之间的关系.pdf
639,山 东,Region,松材线虫病疫情指数与气候因素之间的关系.pdf
640,湖北省宜昌气象站点基本信息 Table,Region,松材线虫病疫情指数与气候因素之间的关系.pdf
641,山西农业大学学报,Region,松材线虫病疫情指数与气候因素之间的关系.pdf
642,中国林业出版社,Region,松材线虫病疫情指数与气候因素之间的关系.pdf
643,江苏省,Region,JItW6-1762148810582-中国森林保护学科发展历程研究_曾凡勇.pdf
644,北京林业大学省部共建森林培育与保护教育部重点实验室 2004,Region,JItW6-1762148810582-中国森林保护学科发展历程研究_曾凡勇.pdf
645,上海商检局,Region,JItW6-1762148810582-中国森林保护学科发展历程研究_曾凡勇.pdf
646,北京林学院,Region,JItW6-1762148810582-中国森林保护学科发展历程研究_曾凡勇.pdf
647,新中国,Region,JItW6-1762148810582-中国森林保护学科发展历程研究_曾凡勇.pdf
648,中国蚕业史,Region,JItW6-1762148810582-中国森林保护学科发展历程研究_曾凡勇.pdf
649,中国 古代养蜂史料,Region,JItW6-1762148810582-中国森林保护学科发展历程研究_曾凡勇.pdf
650,中国早期昆虫学研究史,Region,JItW6-1762148810582-中国森林保护学科发展历程研究_曾凡勇.pdf
651,中国昆 虫学史,Region,JItW6-1762148810582-中国森林保护学科发展历程研究_曾凡勇.pdf
652,中国昆虫生,Region,JItW6-1762148810582-中国森林保护学科发展历程研究_曾凡勇.pdf
653,台湾 光复,Region,JItW6-1762148810582-中国森林保护学科发展历程研究_曾凡勇.pdf
654,建国以来中国昆虫学,Region,JItW6-1762148810582-中国森林保护学科发展历程研究_曾凡勇.pdf
655,山海经,Region,JItW6-1762148810582-中国森林保护学科发展历程研究_曾凡勇.pdf
656,南京金陵大学农林科,Region,JItW6-1762148810582-中国森林保护学科发展历程研究_曾凡勇.pdf
657,浙江昆虫局,Region,JItW6-1762148810582-中国森林保护学科发展历程研究_曾凡勇.pdf
658,中国真菌杂录,Region,JItW6-1762148810582-中国森林保护学科发展历程研究_曾凡勇.pdf
659,中国高等真菌,Region,JItW6-1762148810582-中国森林保护学科发展历程研究_曾凡勇.pdf
660,云南大学,Region,JItW6-1762148810582-中国森林保护学科发展历程研究_曾凡勇.pdf
661,中国科学社生物研究所苗久棚,Region,JItW6-1762148810582-中国森林保护学科发展历程研究_曾凡勇.pdf
662,北京天坛,Region,JItW6-1762148810582-中国森林保护学科发展历程研究_曾凡勇.pdf
663,中山公园,Region,JItW6-1762148810582-中国森林保护学科发展历程研究_曾凡勇.pdf
664,浙江大学,Region,JItW6-1762148810582-中国森林保护学科发展历程研究_曾凡勇.pdf
665,山东大学,Region,JItW6-1762148810582-中国森林保护学科发展历程研究_曾凡勇.pdf
666,四川农事所,Region,JItW6-1762148810582-中国森林保护学科发展历程研究_曾凡勇.pdf
667,四川 大学农学院,Region,JItW6-1762148810582-中国森林保护学科发展历程研究_曾凡勇.pdf
668,汉寿四县,Region,JItW6-1762148810582-中国森林保护学科发展历程研究_曾凡勇.pdf
669,中国果树害虫,Region,JItW6-1762148810582-中国森林保护学科发展历程研究_曾凡勇.pdf
670,中国昆虫学名录,Region,JItW6-1762148810582-中国森林保护学科发展历程研究_曾凡勇.pdf
671,中国园 艺害虫学,Region,JItW6-1762148810582-中国森林保护学科发展历程研究_曾凡勇.pdf
672,中国经济昆虫学,Region,JItW6-1762148810582-中国森林保护学科发展历程研究_曾凡勇.pdf
673,中国昆虫学,Region,JItW6-1762148810582-中国森林保护学科发展历程研究_曾凡勇.pdf
674,南京高等师,Region,JItW6-1762148810582-中国森林保护学科发展历程研究_曾凡勇.pdf
675,南京高等师范学校,Region,JItW6-1762148810582-中国森林保护学科发展历程研究_曾凡勇.pdf
676,第四中山大学,Region,JItW6-1762148810582-中国森林保护学科发展历程研究_曾凡勇.pdf
677,南京大学,Region,JItW6-1762148810582-中国森林保护学科发展历程研究_曾凡勇.pdf
678,南京中正街,Region,JItW6-1762148810582-中国森林保护学科发展历程研究_曾凡勇.pdf
679,湖南昆虫局,Region,JItW6-1762148810582-中国森林保护学科发展历程研究_曾凡勇.pdf
680,上海商品检验局,Region,JItW6-1762148810582-中国森林保护学科发展历程研究_曾凡勇.pdf
681,中国农村复兴委员会,Region,JItW6-1762148810582-中国森林保护学科发展历程研究_曾凡勇.pdf
682,中国植物病虫害防治计划草案,Region,JItW6-1762148810582-中国森林保护学科发展历程研究_曾凡勇.pdf
683,钟山,Region,JItW6-1762148810582-中国森林保护学科发展历程研究_曾凡勇.pdf
684,北京政府农矿部,Region,JItW6-1762148810582-中国森林保护学科发展历程研究_曾凡勇.pdf
685,中国农业之改进,Region,JItW6-1762148810582-中国森林保护学科发展历程研究_曾凡勇.pdf
686,南京政府,Region,JItW6-1762148810582-中国森林保护学科发展历程研究_曾凡勇.pdf
687,中国共产党,Region,JItW6-1762148810582-中国森林保护学科发展历程研究_曾凡勇.pdf
688,南京林学院,Region,JItW6-1762148810582-中国森林保护学科发展历程研究_曾凡勇.pdf
689,广东林学院,Region,JItW6-1762148810582-中国森林保护学科发展历程研究_曾凡勇.pdf
690,湖南林学院,Region,JItW6-1762148810582-中国森林保护学科发展历程研究_曾凡勇.pdf
691,中国林业科学,Region,JItW6-1762148810582-中国森林保护学科发展历程研究_曾凡勇.pdf
692,四川林学院,Region,JItW6-1762148810582-中国森林保护学科发展历程研究_曾凡勇.pdf
693,四川农学院,Region,JItW6-1762148810582-中国森林保护学科发展历程研究_曾凡勇.pdf
694,中国林业科学研究院紫胶研究所,Region,JItW6-1762148810582-中国森林保护学科发展历程研究_曾凡勇.pdf
695,中国农林科学院,Region,JItW6-1762148810582-中国森林保护学科发展历程研究_曾凡勇.pdf
696,日本松,Region,JItW6-1762148810582-中国森林保护学科发展历程研究_曾凡勇.pdf
697,试验区,Region,JItW6-1762148810582-中国森林保护学科发展历程研究_曾凡勇.pdf
698,省工省,Region,JItW6-1762148810582-中国森林保护学科发展历程研究_曾凡勇.pdf
699,山东大学生物系研究出以,Region,JItW6-1762148810582-中国森林保护学科发展历程研究_曾凡勇.pdf
700,黑山蚁,Region,JItW6-1762148810582-中国森林保护学科发展历程研究_曾凡勇.pdf
701,黑山,Region,JItW6-1762148810582-中国森林保护学科发展历程研究_曾凡勇.pdf
702,大山雀,Region,JItW6-1762148810582-中国森林保护学科发展历程研究_曾凡勇.pdf
703,四川西部,Region,JItW6-1762148810582-中国森林保护学科发展历程研究_曾凡勇.pdf
704,新疆阿尔泰山,Region,JItW6-1762148810582-中国森林保护学科发展历程研究_曾凡勇.pdf
705,黑龙江省,Region,JItW6-1762148810582-中国森林保护学科发展历程研究_曾凡勇.pdf
706,中国的桑虫,Region,JItW6-1762148810582-中国森林保护学科发展历程研究_曾凡勇.pdf
707,西南地区,Region,JItW6-1762148810582-中国森林保护学科发展历程研究_曾凡勇.pdf
708,中国科学院,Region,JItW6-1762148810582-中国森林保护学科发展历程研究_曾凡勇.pdf
709,中国经济昆虫 志半翅目蝽科,Region,JItW6-1762148810582-中国森林保护学科发展历程研究_曾凡勇.pdf
710,中国的真菌,Region,JItW6-1762148810582-中国森林保护学科发展历程研究_曾凡勇.pdf
711,罗河山,Region,JItW6-1762148810582-中国森林保护学科发展历程研究_曾凡勇.pdf
712,中国森林病虫,Region,JItW6-1762148810582-中国森林保护学科发展历程研究_曾凡勇.pdf
713,新乡市,Region,JItW6-1762148810582-中国森林保护学科发展历程研究_曾凡勇.pdf
714,北京 中科院昆虫研究所,Region,JItW6-1762148810582-中国森林保护学科发展历程研究_曾凡勇.pdf
715,北京 北京林学院,Region,JItW6-1762148810582-中国森林保护学科发展历程研究_曾凡勇.pdf
716,北京 国务院,Region,JItW6-1762148810582-中国森林保护学科发展历程研究_曾凡勇.pdf
717,杭州 中国农林科学院 会议,Region,JItW6-1762148810582-中国森林保护学科发展历程研究_曾凡勇.pdf
718,长春 中国农林科学院,Region,JItW6-1762148810582-中国森林保护学科发展历程研究_曾凡勇.pdf
719,南京林产工业学院,Region,JItW6-1762148810582-中国森林保护学科发展历程研究_曾凡勇.pdf
720,云南林学院,Region,JItW6-1762148810582-中国森林保护学科发展历程研究_曾凡勇.pdf
721,安徽农业大学,Region,JItW6-1762148810582-中国森林保护学科发展历程研究_曾凡勇.pdf
722,中国蚂蚁,Region,JItW6-1762148810582-中国森林保护学科发展历程研究_曾凡勇.pdf
723,中国乔灌木病害,Region,JItW6-1762148810582-中国森林保护学科发展历程研究_曾凡勇.pdf
724,陕西省农林科学院林业研究所,Region,JItW6-1762148810582-中国森林保护学科发展历程研究_曾凡勇.pdf
725,陕西省林业科学研究院,Region,JItW6-1762148810582-中国森林保护学科发展历程研究_曾凡勇.pdf
726,陕西林业病虫图志,Region,JItW6-1762148810582-中国森林保护学科发展历程研究_曾凡勇.pdf
727,中国森林病害,Region,JItW6-1762148810582-中国森林保护学科发展历程研究_曾凡勇.pdf
728,中国科学院动物研究所,Region,JItW6-1762148810582-中国森林保护学科发展历程研究_曾凡勇.pdf
729,中国森林蘑菇,Region,JItW6-1762148810582-中国森林保护学科发展历程研究_曾凡勇.pdf
730,中国针叶树,Region,JItW6-1762148810582-中国森林保护学科发展历程研究_曾凡勇.pdf
731,福建昆虫志,Region,JItW6-1762148810582-中国森林保护学科发展历程研究_曾凡勇.pdf
732,中国林科院林业研究所,Region,JItW6-1762148810582-中国森林保护学科发展历程研究_曾凡勇.pdf
733,中国科学院沈阳应用生态研究所,Region,JItW6-1762148810582-中国森林保护学科发展历程研究_曾凡勇.pdf
734,中国林科院 萧刚柔,Region,JItW6-1762148810582-中国森林保护学科发展历程研究_曾凡勇.pdf
735,中国林学会,Region,JItW6-1762148810582-中国森林保护学科发展历程研究_曾凡勇.pdf
736,中国林业青年科技奖,Region,JItW6-1762148810582-中国森林保护学科发展历程研究_曾凡勇.pdf
737,中国科协组织,Region,JItW6-1762148810582-中国森林保护学科发展历程研究_曾凡勇.pdf
738,中国林科院,Region,JItW6-1762148810582-中国森林保护学科发展历程研究_曾凡勇.pdf
739,日本松干蚧预测预报办法,Region,JItW6-1762148810582-中国森林保护学科发展历程研究_曾凡勇.pdf
740,福建林学院,Region,JItW6-1762148810582-中国森林保护学科发展历程研究_曾凡勇.pdf
741,赵清山,Region,JItW6-1762148810582-中国森林保护学科发展历程研究_曾凡勇.pdf
742,四川林业科学研究院,Region,JItW6-1762148810582-中国森林保护学科发展历程研究_曾凡勇.pdf
743,三等奖 北京林业大学,Region,JItW6-1762148810582-中国森林保护学科发展历程研究_曾凡勇.pdf
744,南京林产,Region,JItW6-1762148810582-中国森林保护学科发展历程研究_曾凡勇.pdf
745,北京市,Region,JItW6-1762148810582-中国森林保护学科发展历程研究_曾凡勇.pdf
746,山西省,Region,JItW6-1762148810582-中国森林保护学科发展历程研究_曾凡勇.pdf
747,北京市 林业部,Region,JItW6-1762148810582-中国森林保护学科发展历程研究_曾凡勇.pdf
748,北京市 北京林业大学,Region,JItW6-1762148810582-中国森林保护学科发展历程研究_曾凡勇.pdf
749,中国科协,Region,JItW6-1762148810582-中国森林保护学科发展历程研究_曾凡勇.pdf
750,广东省林业厅,Region,JItW6-1762148810582-中国森林保护学科发展历程研究_曾凡勇.pdf
751,四川农业大学,Region,JItW6-1762148810582-中国森林保护学科发展历程研究_曾凡勇.pdf
752,云南木,Region,JItW6-1762148810582-中国森林保护学科发展历程研究_曾凡勇.pdf
753,中国目昆虫,Region,JItW6-1762148810582-中国森林保护学科发展历程研究_曾凡勇.pdf
754,李秀山,Region,JItW6-1762148810582-中国森林保护学科发展历程研究_曾凡勇.pdf
755,栗山,Region,JItW6-1762148810582-中国森林保护学科发展历程研究_曾凡勇.pdf
756,示范区,Region,JItW6-1762148810582-中国森林保护学科发展历程研究_曾凡勇.pdf
757,厦门市,Region,JItW6-1762148810582-中国森林保护学科发展历程研究_曾凡勇.pdf
758,浙江舟山岛,Region,JItW6-1762148810582-中国森林保护学科发展历程研究_曾凡勇.pdf
759,中国扁叶蜂,Region,JItW6-1762148810582-中国森林保护学科发展历程研究_曾凡勇.pdf
760,中国森林病虫害研究所,Region,JItW6-1762148810582-中国森林保护学科发展历程研究_曾凡勇.pdf
761,中国花卉病虫害诊治图谱,Region,JItW6-1762148810582-中国森林保护学科发展历程研究_曾凡勇.pdf
762,中国植物线虫名录,Region,JItW6-1762148810582-中国森林保护学科发展历程研究_曾凡勇.pdf
763,中国林业,Region,JItW6-1762148810582-中国森林保护学科发展历程研究_曾凡勇.pdf
764,中国北 方地区主要松皮小蠹生物学特性,Region,JItW6-1762148810582-中国森林保护学科发展历程研究_曾凡勇.pdf
765,大庆市林业局,Region,JItW6-1762148810582-中国森林保护学科发展历程研究_曾凡勇.pdf
766,宝山,Region,JItW6-1762148810582-中国森林保护学科发展历程研究_曾凡勇.pdf
767,日本国,Region,JItW6-1762148810582-中国森林保护学科发展历程研究_曾凡勇.pdf
768,烟台市,Region,JItW6-1762148810582-中国森林保护学科发展历程研究_曾凡勇.pdf
769,福建省林业科学研究院,Region,JItW6-1762148810582-中国森林保护学科发展历程研究_曾凡勇.pdf
770,江苏省林业科学研究院,Region,JItW6-1762148810582-中国森林保护学科发展历程研究_曾凡勇.pdf
771,广西壮族自治区,Region,JItW6-1762148810582-中国森林保护学科发展历程研究_曾凡勇.pdf
772,许昌市,Region,JItW6-1762148810582-中国森林保护学科发展历程研究_曾凡勇.pdf
773,牟平区,Region,JItW6-1762148810582-中国森林保护学科发展历程研究_曾凡勇.pdf
774,北京林业大学骆有庆,Region,JItW6-1762148810582-中国森林保护学科发展历程研究_曾凡勇.pdf
775,北京市重点实验室,Region,JItW6-1762148810582-中国森林保护学科发展历程研究_曾凡勇.pdf
776,中国东北地区,Region,JItW6-1762148810582-中国森林保护学科发展历程研究_曾凡勇.pdf
777,秦岭森林植物锈菌区系研究,Region,JItW6-1762148810582-中国森林保护学科发展历程研究_曾凡勇.pdf
778,北京林业大学 骆有庆 2001,Region,JItW6-1762148810582-中国森林保护学科发展历程研究_曾凡勇.pdf
779,南京出入境,Region,JItW6-1762148810582-中国森林保护学科发展历程研究_曾凡勇.pdf
780,浙江省舟山,Region,JItW6-1762148810582-中国森林保护学科发展历程研究_曾凡勇.pdf
781,中国植保学会,Region,JItW6-1762148810582-中国森林保护学科发展历程研究_曾凡勇.pdf
782,中国林业学术大会,Region,JItW6-1762148810582-中国森林保护学科发展历程研究_曾凡勇.pdf
783,北京市 国家林业局,Region,JItW6-1762148810582-中国森林保护学科发展历程研究_曾凡勇.pdf
784,上海市,Region,JItW6-1762148810582-中国森林保护学科发展历程研究_曾凡勇.pdf
785,尔滨市,Region,JItW6-1762148810582-中国森林保护学科发展历程研究_曾凡勇.pdf
786,南京林业大学建立博士点,Region,JItW6-1762148810582-中国森林保护学科发展历程研究_曾凡勇.pdf
787,福建农林大学,Region,JItW6-1762148810582-中国森林保护学科发展历程研究_曾凡勇.pdf
788,北京立业大学发展历 史研究,Region,JItW6-1762148810582-中国森林保护学科发展历程研究_曾凡勇.pdf
789,浙江省 I,Region,XlZVN-1762148845443-浙江省松材线虫病环境影响经济评价与治理研究_李兰英.pdf
790,日本 松干蚧,Region,XlZVN-1762148845443-浙江省松材线虫病环境影响经济评价与治理研究_李兰英.pdf
791,紫金山,Region,XlZVN-1762148845443-浙江省松材线虫病环境影响经济评价与治理研究_李兰英.pdf
792,马鞍山市林场,Region,XlZVN-1762148845443-浙江省松材线虫病环境影响经济评价与治理研究_李兰英.pdf
793,山东长岛县南长山镇,Region,XlZVN-1762148845443-浙江省松材线虫病环境影响经济评价与治理研究_李兰英.pdf
794,黄山(,Region,XlZVN-1762148845443-浙江省松材线虫病环境影响经济评价与治理研究_李兰英.pdf
795,江宁区,Region,XlZVN-1762148845443-浙江省松材线虫病环境影响经济评价与治理研究_李兰英.pdf
796,溧水县,Region,XlZVN-1762148845443-浙江省松材线虫病环境影响经济评价与治理研究_李兰英.pdf
797,镇江市,Region,XlZVN-1762148845443-浙江省松材线虫病环境影响经济评价与治理研究_李兰英.pdf
798,京口区,Region,XlZVN-1762148845443-浙江省松材线虫病环境影响经济评价与治理研究_李兰英.pdf
799,常州市溧阳市,Region,XlZVN-1762148845443-浙江省松材线虫病环境影响经济评价与治理研究_李兰英.pdf
800,金坛市,Region,XlZVN-1762148845443-浙江省松材线虫病环境影响经济评价与治理研究_李兰英.pdf
801,无锡市,Region,XlZVN-1762148845443-浙江省松材线虫病环境影响经济评价与治理研究_李兰英.pdf
802,惠山区,Region,XlZVN-1762148845443-浙江省松材线虫病环境影响经济评价与治理研究_李兰英.pdf
803,扬州市,Region,XlZVN-1762148845443-浙江省松材线虫病环境影响经济评价与治理研究_李兰英.pdf
804,淮安市,Region,XlZVN-1762148845443-浙江省松材线虫病环境影响经济评价与治理研究_李兰英.pdf
805,苏州市,Region,XlZVN-1762148845443-浙江省松材线虫病环境影响经济评价与治理研究_李兰英.pdf
806,吴中区,Region,XlZVN-1762148845443-浙江省松材线虫病环境影响经济评价与治理研究_李兰英.pdf
807,南通市,Region,XlZVN-1762148845443-浙江省松材线虫病环境影响经济评价与治理研究_李兰英.pdf
808,宁波市,Region,XlZVN-1762148845443-浙江省松材线虫病环境影响经济评价与治理研究_李兰英.pdf
809,宁海县,Region,XlZVN-1762148845443-浙江省松材线虫病环境影响经济评价与治理研究_李兰英.pdf
810,江北区,Region,XlZVN-1762148845443-浙江省松材线虫病环境影响经济评价与治理研究_李兰英.pdf
811,奉化市,Region,XlZVN-1762148845443-浙江省松材线虫病环境影响经济评价与治理研究_李兰英.pdf
812,舟山市定海区,Region,XlZVN-1762148845443-浙江省松材线虫病环境影响经济评价与治理研究_李兰英.pdf
813,普陀区,Region,XlZVN-1762148845443-浙江省松材线虫病环境影响经济评价与治理研究_李兰英.pdf
814,杭州市,Region,XlZVN-1762148845443-浙江省松材线虫病环境影响经济评价与治理研究_李兰英.pdf
815,富阳市,Region,XlZVN-1762148845443-浙江省松材线虫病环境影响经济评价与治理研究_李兰英.pdf
816,吴兴区,Region,XlZVN-1762148845443-浙江省松材线虫病环境影响经济评价与治理研究_李兰英.pdf
817,温州市,Region,XlZVN-1762148845443-浙江省松材线虫病环境影响经济评价与治理研究_李兰英.pdf
818,绍兴市,Region,XlZVN-1762148845443-浙江省松材线虫病环境影响经济评价与治理研究_李兰英.pdf
819,新昌县,Region,XlZVN-1762148845443-浙江省松材线虫病环境影响经济评价与治理研究_李兰英.pdf
820,南谯区,Region,XlZVN-1762148845443-浙江省松材线虫病环境影响经济评价与治理研究_李兰英.pdf
821,明光区,Region,XlZVN-1762148845443-浙江省松材线虫病环境影响经济评价与治理研究_李兰英.pdf
822,合肥市,Region,XlZVN-1762148845443-浙江省松材线虫病环境影响经济评价与治理研究_李兰英.pdf
823,铜陵市,Region,XlZVN-1762148845443-浙江省松材线虫病环境影响经济评价与治理研究_李兰英.pdf
824,安庆市,Region,XlZVN-1762148845443-浙江省松材线虫病环境影响经济评价与治理研究_李兰英.pdf
825,恩施市,Region,XlZVN-1762148845443-浙江省松材线虫病环境影响经济评价与治理研究_李兰英.pdf
826,白云区,Region,XlZVN-1762148845443-浙江省松材线虫病环境影响经济评价与治理研究_李兰英.pdf
827,黄埔区,Region,XlZVN-1762148845443-浙江省松材线虫病环境影响经济评价与治理研究_李兰英.pdf
828,惠城区,Region,XlZVN-1762148845443-浙江省松材线虫病环境影响经济评价与治理研究_李兰英.pdf
829,惠阳区,Region,XlZVN-1762148845443-浙江省松材线虫病环境影响经济评价与治理研究_李兰英.pdf
830,博罗县,Region,XlZVN-1762148845443-浙江省松材线虫病环境影响经济评价与治理研究_李兰英.pdf
831,惠东县,Region,XlZVN-1762148845443-浙江省松材线虫病环境影响经济评价与治理研究_李兰英.pdf
832,郴州市,Region,XlZVN-1762148845443-浙江省松材线虫病环境影响经济评价与治理研究_李兰英.pdf
833,北湖区,Region,XlZVN-1762148845443-浙江省松材线虫病环境影响经济评价与治理研究_李兰英.pdf
834,苏仙区,Region,XlZVN-1762148845443-浙江省松材线虫病环境影响经济评价与治理研究_李兰英.pdf
835,常德市,Region,XlZVN-1762148845443-浙江省松材线虫病环境影响经济评价与治理研究_李兰英.pdf
836,汉寿县 重庆市 涪陵区,Region,XlZVN-1762148845443-浙江省松材线虫病环境影响经济评价与治理研究_李兰英.pdf
837,长寿区,Region,XlZVN-1762148845443-浙江省松材线虫病环境影响经济评价与治理研究_李兰英.pdf
838,万州区,Region,XlZVN-1762148845443-浙江省松材线虫病环境影响经济评价与治理研究_李兰英.pdf
839,遵义县,Region,XlZVN-1762148845443-浙江省松材线虫病环境影响经济评价与治理研究_李兰英.pdf
840,鞍山市,Region,XlZVN-1762148845443-浙江省松材线虫病环境影响经济评价与治理研究_李兰英.pdf
841,七山一水二分田,Region,XlZVN-1762148845443-浙江省松材线虫病环境影响经济评价与治理研究_李兰英.pdf
842,浙江省森林植,Region,XlZVN-1762148845443-浙江省松材线虫病环境影响经济评价与治理研究_李兰英.pdf
843,山茶科,Region,XlZVN-1762148845443-浙江省松材线虫病环境影响经济评价与治理研究_李兰英.pdf
844,浙江林业自然资源,Region,XlZVN-1762148845443-浙江省松材线虫病环境影响经济评价与治理研究_李兰英.pdf
845,南京农业大学,Region,XlZVN-1762148845443-浙江省松材线虫病环境影响经济评价与治理研究_李兰英.pdf
846,普陀山,Region,XlZVN-1762148845443-浙江省松材线虫病环境影响经济评价与治理研究_李兰英.pdf
847,雁荡山,Region,XlZVN-1762148845443-浙江省松材线虫病环境影响经济评价与治理研究_李兰英.pdf
848,中国环境,Region,XlZVN-1762148845443-浙江省松材线虫病环境影响经济评价与治理研究_李兰英.pdf
849,中国黄土高原水土,Region,XlZVN-1762148845443-浙江省松材线虫病环境影响经济评价与治理研究_李兰英.pdf
850,张山林,Region,XlZVN-1762148845443-浙江省松材线虫病环境影响经济评价与治理研究_李兰英.pdf
851,武功山,Region,XlZVN-1762148845443-浙江省松材线虫病环境影响经济评价与治理研究_李兰英.pdf
852,宁波市林业局,Region,XlZVN-1762148845443-浙江省松材线虫病环境影响经济评价与治理研究_李兰英.pdf
853,成都市,Region,XlZVN-1762148845443-浙江省松材线虫病环境影响经济评价与治理研究_李兰英.pdf
854,舟山,Region,XlZVN-1762148845443-浙江省松材线虫病环境影响经济评价与治理研究_李兰英.pdf
855,舟山市定海区凯泉竹木板制造有限公司,Region,XlZVN-1762148845443-浙江省松材线虫病环境影响经济评价与治理研究_李兰英.pdf
856,中国金鹰集团,Region,XlZVN-1762148845443-浙江省松材线虫病环境影响经济评价与治理研究_李兰英.pdf
857,舟山市定海区盐仓街道叉河社区共裕村,Region,XlZVN-1762148845443-浙江省松材线虫病环境影响经济评价与治理研究_李兰英.pdf
858,上半山,Region,XlZVN-1762148845443-浙江省松材线虫病环境影响经济评价与治理研究_李兰英.pdf
859,南山,Region,XlZVN-1762148845443-浙江省松材线虫病环境影响经济评价与治理研究_李兰英.pdf
860,浙江省舟山市普陀山,Region,XlZVN-1762148845443-浙江省松材线虫病环境影响经济评价与治理研究_李兰英.pdf
861,省政府,Region,XlZVN-1762148845443-浙江省松材线虫病环境影响经济评价与治理研究_李兰英.pdf
862,非疫区木材,Region,XlZVN-1762148845443-浙江省松材线虫病环境影响经济评价与治理研究_李兰英.pdf
863,非疫区,Region,XlZVN-1762148845443-浙江省松材线虫病环境影响经济评价与治理研究_李兰英.pdf
864,舟山市森林群落退化,Region,XlZVN-1762148845443-浙江省松材线虫病环境影响经济评价与治理研究_李兰英.pdf
865,浙江省工业制,Region,XlZVN-1762148845443-浙江省松材线虫病环境影响经济评价与治理研究_李兰英.pdf
866,杭州西湖,Region,XlZVN-1762148845443-浙江省松材线虫病环境影响经济评价与治理研究_李兰英.pdf
867,安徽农学院,Region,XlZVN-1762148845443-浙江省松材线虫病环境影响经济评价与治理研究_李兰英.pdf
868,浙江省统计年鉴,Region,XlZVN-1762148845443-浙江省松材线虫病环境影响经济评价与治理研究_李兰英.pdf
869,浙江省林业厅,Region,XlZVN-1762148845443-浙江省松材线虫病环境影响经济评价与治理研究_李兰英.pdf
870,山海关,Region,XlZVN-1762148845443-浙江省松材线虫病环境影响经济评价与治理研究_李兰英.pdf
871,山西晋城,Region,XlZVN-1762148845443-浙江省松材线虫病环境影响经济评价与治理研究_李兰英.pdf
872,陕西汉,Region,XlZVN-1762148845443-浙江省松材线虫病环境影响经济评价与治理研究_李兰英.pdf
873,四川九寨沟,Region,XlZVN-1762148845443-浙江省松材线虫病环境影响经济评价与治理研究_李兰英.pdf
874,浙江省松材线,Region,XlZVN-1762148845443-浙江省松材线虫病环境影响经济评价与治理研究_李兰英.pdf
875,浙江省林业部门,Region,XlZVN-1762148845443-浙江省松材线虫病环境影响经济评价与治理研究_李兰英.pdf
876,拱墅区,Region,XlZVN-1762148845443-浙江省松材线虫病环境影响经济评价与治理研究_李兰英.pdf
877,浙江省舟山市定海区,Region,XlZVN-1762148845443-浙江省松材线虫病环境影响经济评价与治理研究_李兰英.pdf
878,省林业,Region,XlZVN-1762148845443-浙江省松材线虫病环境影响经济评价与治理研究_李兰英.pdf
879,浙江省人民政府,Region,XlZVN-1762148845443-浙江省松材线虫病环境影响经济评价与治理研究_李兰英.pdf
880,浙江省森林病,Region,XlZVN-1762148845443-浙江省松材线虫病环境影响经济评价与治理研究_李兰英.pdf
881,浙江省林业局,Region,XlZVN-1762148845443-浙江省松材线虫病环境影响经济评价与治理研究_李兰英.pdf
882,浙江省国民生,Region,XlZVN-1762148845443-浙江省松材线虫病环境影响经济评价与治理研究_李兰英.pdf
883,安徽大部和浙江西北部等地 而在东北或西北分,Region,气候要素对天台松材线虫病疫情的影响.pdf
884,核心区域在广东 江苏 安徽大部和浙江西北部等地,Region,气候要素对天台松材线虫病疫情的影响.pdf
885,在天台县中西部的平桥 街头 三州等乡镇以及天台东北,Region,气候要素对天台松材线虫病疫情的影响.pdf
886,℃以上的区域,Region,气候要素对天台松材线虫病疫情的影响.pdf
887,江西农业,Region,气候要素对天台松材线虫病疫情的影响.pdf
888,台州市天台县,Region,气候要素对天台松材线虫病疫情的影响.pdf
889,天台县,Region,气候要素对天台松材线虫病疫情的影响.pdf
890,天台县自然资源,Region,气候要素对天台松材线虫病疫情的影响.pdf
891,天台山区,Region,气候要素对天台松材线虫病疫情的影响.pdf
892,吴明山,Region,气候要素对天台松材线虫病疫情的影响.pdf
893,东南部地区,Region,气候变化背景下松材线虫在中国分布的时空变化预测.pdf
894,华 南地区,Region,气候变化背景下松材线虫在中国分布的时空变化预测.pdf
895,中国农业大学,Region,气候变化背景下松材线虫在中国分布的时空变化预测.pdf
896,中国科学院大气物理研究所,Region,气候变化背景下松材线虫在中国分布的时空变化预测.pdf
897,长汀县,Region,基于长汀水土流失治理过程中马尾松林松材线虫病与气候因素之间的关系.pdf
898,福建长,Region,基于长汀水土流失治理过程中马尾松林松材线虫病与气候因素之间的关系.pdf
899,华南红壤区水土,Region,基于长汀水土流失治理过程中马尾松林松材线虫病与气候因素之间的关系.pdf
900,气候,EnvironmentalFactor,ZGds6-1762148816090-松材线虫病害早期星-机-地遥感诊断光谱特征研究_李霓雯.pdf
901,降雨,EnvironmentalFactor,ZGds6-1762148816090-松材线虫病害早期星-机-地遥感诊断光谱特征研究_李霓雯.pdf
902,降雨量,EnvironmentalFactor,ZGds6-1762148816090-松材线虫病害早期星-机-地遥感诊断光谱特征研究_李霓雯.pdf
903,温度,EnvironmentalFactor,ZGds6-1762148816090-松材线虫病害早期星-机-地遥感诊断光谱特征研究_李霓雯.pdf
904,土壤,EnvironmentalFactor,ZGds6-1762148816090-松材线虫病害早期星-机-地遥感诊断光谱特征研究_李霓雯.pdf
905,气象因子,EnvironmentalFactor,4ERGo-1762148839583-泰山松材线虫病、美国白蛾风险分析评估与预警技术研究_申卫星.pdf
906,湿度,EnvironmentalFactor,4ERGo-1762148839583-泰山松材线虫病、美国白蛾风险分析评估与预警技术研究_申卫星.pdf
907,海拔,EnvironmentalFactor,4ERGo-1762148839583-泰山松材线虫病、美国白蛾风险分析评估与预警技术研究_申卫星.pdf
908,日照,EnvironmentalFactor,4ERGo-1762148839583-泰山松材线虫病、美国白蛾风险分析评估与预警技术研究_申卫星.pdf
909,月均温,EnvironmentalFactor,4ERGo-1762148839583-泰山松材线虫病、美国白蛾风险分析评估与预警技术研究_申卫星.pdf
910,林分密度,EnvironmentalFactor,4ERGo-1762148839583-泰山松材线虫病、美国白蛾风险分析评估与预警技术研究_申卫星.pdf
911,年均温,EnvironmentalFactor,4ERGo-1762148839583-泰山松材线虫病、美国白蛾风险分析评估与预警技术研究_申卫星.pdf
912,temperature index 温度指标,EnvironmentalFactor,4ERGo-1762148839583-泰山松材线虫病、美国白蛾风险分析评估与预警技术研究_申卫星.pdf
913,ecoclimatic index 生态气候指数,EnvironmentalFactor,4ERGo-1762148839583-泰山松材线虫病、美国白蛾风险分析评估与预警技术研究_申卫星.pdf
914,和逆境指数再综合为生 态气候指数 ecoclimatic,EnvironmentalFactor,4ERGo-1762148839583-泰山松材线虫病、美国白蛾风险分析评估与预警技术研究_申卫星.pdf
915,风速,EnvironmentalFactor,基于灰色关联度分析气候因素对江西省松材线虫病的影响.pdf
916,气候因素,EnvironmentalFactor,基于灰色关联度分析气候因素对江西省松材线虫病的影响.pdf
917,温湿度,EnvironmentalFactor,基于灰色关联度分析气候因素对江西省松材线虫病的影响.pdf
918,高海拔,EnvironmentalFactor,气候变化对松材线虫病扩散风险的影响分析——以郁南县为例_雷志华.pdf
919,高湿度,EnvironmentalFactor,气候变化对松材线虫病扩散风险的影响分析——以郁南县为例_雷志华.pdf
920,郁闭度,EnvironmentalFactor,JU3yc-1762148851602-马尾松蛀干害虫种群动态与松材线虫病的关系及松褐天牛天敌研究_展茂魁.pdf
921,坡向,EnvironmentalFactor,JU3yc-1762148851602-马尾松蛀干害虫种群动态与松材线虫病的关系及松褐天牛天敌研究_展茂魁.pdf
922,植被覆盖,EnvironmentalFactor,JItW6-1762148810582-中国森林保护学科发展历程研究_曾凡勇.pdf
923,森林类型,EnvironmentalFactor,JItW6-1762148810582-中国森林保护学科发展历程研究_曾凡勇.pdf
924,松林土壤,EnvironmentalFactor,XlZVN-1762148845443-浙江省松材线虫病环境影响经济评价与治理研究_李兰英.pdf
925,传播松材 线虫的气候风险也最高 东北部天台山区和西南部大雷,EnvironmentalFactor,气候要素对天台松材线虫病疫情的影响.pdf
926,材线虫病与气候因素之间的关系,EnvironmentalFactor,基于长汀水土流失治理过程中马尾松林松材线虫病与气候因素之间的关系.pdf
927,天牛幼虫,Vector,4ERGo-1762148839583-泰山松材线虫病、美国白蛾风险分析评估与预警技术研究_申卫星.pdf
928,媒介昆虫,Vector,4ERGo-1762148839583-泰山松材线虫病、美国白蛾风险分析评估与预警技术研究_申卫星.pdf
929,天牛,Vector,4ERGo-1762148839583-泰山松材线虫病、美国白蛾风险分析评估与预警技术研究_申卫星.pdf
930,Monochamus,Vector,4ERGo-1762148839583-泰山松材线虫病、美国白蛾风险分析评估与预警技术研究_申卫星.pdf
931,传播媒介,Vector,4ERGo-1762148839583-泰山松材线虫病、美国白蛾风险分析评估与预警技术研究_申卫星.pdf
932,Monochamus alternatus,Vector,4ERGo-1762148839583-泰山松材线虫病、美国白蛾风险分析评估与预警技术研究_申卫星.pdf
933,松墨,Vector,基于灰色关联度分析气候因素对江西省松材线虫病的影响.pdf
934,beetle,Vector,Pc5Bj-1762148820023-松材线虫病媒介天牛种类调查及其传播机制研究_王洋.pdf
935,RNA,Vector,Pc5Bj-1762148820023-松材线虫病媒介天牛种类调查及其传播机制研究_王洋.pdf
936,beetles and the,Vector,Pc5Bj-1762148820023-松材线虫病媒介天牛种类调查及其传播机制研究_王洋.pdf
937,天牛科,Vector,Pc5Bj-1762148820023-松材线虫病媒介天牛种类调查及其传播机制研究_王洋.pdf
938,天牛羽化,Vector,Pc5Bj-1762148820023-松材线虫病媒介天牛种类调查及其传播机制研究_王洋.pdf
939,南美松墨天牛,Vector,Pc5Bj-1762148820023-松材线虫病媒介天牛种类调查及其传播机制研究_王洋.pdf
940,香枞墨天牛,Vector,Pc5Bj-1762148820023-松材线虫病媒介天牛种类调查及其传播机制研究_王洋.pdf
941,墨天牛进,Vector,Pc5Bj-1762148820023-松材线虫病媒介天牛种类调查及其传播机制研究_王洋.pdf
942,天牛蛹室聚集汇聚[,Vector,Pc5Bj-1762148820023-松材线虫病媒介天牛种类调查及其传播机制研究_王洋.pdf
943,墨天牛及,Vector,Pc5Bj-1762148820023-松材线虫病媒介天牛种类调查及其传播机制研究_王洋.pdf
944,墨天牛[,Vector,Pc5Bj-1762148820023-松材线虫病媒介天牛种类调查及其传播机制研究_王洋.pdf
945,角天牛,Vector,Pc5Bj-1762148820023-松材线虫病媒介天牛种类调查及其传播机制研究_王洋.pdf
946,西藏墨天牛,Vector,Pc5Bj-1762148820023-松材线虫病媒介天牛种类调查及其传播机制研究_王洋.pdf
947,桑天牛Aprion,Vector,Pc5Bj-1762148820023-松材线虫病媒介天牛种类调查及其传播机制研究_王洋.pdf
948,颈天牛Aromia,Vector,Pc5Bj-1762148820023-松材线虫病媒介天牛种类调查及其传播机制研究_王洋.pdf
949,松墨天牛Monochamus,Vector,Pc5Bj-1762148820023-松材线虫病媒介天牛种类调查及其传播机制研究_王洋.pdf
950,)a 金绒锦天牛Acalolepta permutans,Vector,Pc5Bj-1762148820023-松材线虫病媒介天牛种类调查及其传播机制研究_王洋.pdf
951,瘤胸簇天牛Aristobia,Vector,Pc5Bj-1762148820023-松材线虫病媒介天牛种类调查及其传播机制研究_王洋.pdf
952,墨天牛属,Vector,Pc5Bj-1762148820023-松材线虫病媒介天牛种类调查及其传播机制研究_王洋.pdf
953,泥色天牛属,Vector,Pc5Bj-1762148820023-松材线虫病媒介天牛种类调查及其传播机制研究_王洋.pdf
954,颈天牛,Vector,Pc5Bj-1762148820023-松材线虫病媒介天牛种类调查及其传播机制研究_王洋.pdf
955,天牛羽化季节,Vector,Pc5Bj-1762148820023-松材线虫病媒介天牛种类调查及其传播机制研究_王洋.pdf
956,天牛亚科天牛,Vector,Pc5Bj-1762148820023-松材线虫病媒介天牛种类调查及其传播机制研究_王洋.pdf
957,椎天牛亚科,Vector,Pc5Bj-1762148820023-松材线虫病媒介天牛种类调查及其传播机制研究_王洋.pdf
958,天牛携带,Vector,Pc5Bj-1762148820023-松材线虫病媒介天牛种类调查及其传播机制研究_王洋.pdf
959,天牛数据,Vector,Pc5Bj-1762148820023-松材线虫病媒介天牛种类调查及其传播机制研究_王洋.pdf
960,新羽化天牛所,Vector,Pc5Bj-1762148820023-松材线虫病媒介天牛种类调查及其传播机制研究_王洋.pdf
961,墨天牛属墨 天牛属,Vector,Pc5Bj-1762148820023-松材线虫病媒介天牛种类调查及其传播机制研究_王洋.pdf
962,吸引松墨天牛在倒伏木上繁殖 促进松材线,Vector,气候变化对松材线虫病扩散风险的影响分析——以郁南县为例_雷志华.pdf
963,吸引松墨天牛在倒伏木上繁殖 促进松材线 虫在林间扩散,Vector,气候变化对松材线虫病扩散风险的影响分析——以郁南县为例_雷志华.pdf
964,松墨 天牛羽,Vector,气候要素对松材线虫病疫情的影响研究.pdf
965,天敌昆虫种类 Natural enemies,Vector,JU3yc-1762148851602-马尾松蛀干害虫种群动态与松材线虫病的关系及松褐天牛天敌研究_展茂魁.pdf
966,alternatus,Vector,JU3yc-1762148851602-马尾松蛀干害虫种群动态与松材线虫病的关系及松褐天牛天敌研究_展茂魁.pdf
967,椎天牛,Vector,JU3yc-1762148851602-马尾松蛀干害虫种群动态与松材线虫病的关系及松褐天牛天敌研究_展茂魁.pdf
968,松幽天牛,Vector,JU3yc-1762148851602-马尾松蛀干害虫种群动态与松材线虫病的关系及松褐天牛天敌研究_展茂魁.pdf
969,中国天牛幼虫,Vector,JU3yc-1762148851602-马尾松蛀干害虫种群动态与松材线虫病的关系及松褐天牛天敌研究_展茂魁.pdf
970,东北天牛志,Vector,JU3yc-1762148851602-马尾松蛀干害虫种群动态与松材线虫病的关系及松褐天牛天敌研究_展茂魁.pdf
971,松幽天牛Asemum,Vector,JU3yc-1762148851602-马尾松蛀干害虫种群动态与松材线虫病的关系及松褐天牛天敌研究_展茂魁.pdf
972,椎天牛 S,Vector,JU3yc-1762148851602-马尾松蛀干害虫种群动态与松材线虫病的关系及松褐天牛天敌研究_展茂魁.pdf
973,椎天牛 生态位重,Vector,JU3yc-1762148851602-马尾松蛀干害虫种群动态与松材线虫病的关系及松褐天牛天敌研究_展茂魁.pdf
974,天牛虫道,Vector,JU3yc-1762148851602-马尾松蛀干害虫种群动态与松材线虫病的关系及松褐天牛天敌研究_展茂魁.pdf
975,云斑天牛,Vector,JItW6-1762148810582-中国森林保护学科发展历程研究_曾凡勇.pdf
976,昆虫局,Vector,JItW6-1762148810582-中国森林保护学科发展历程研究_曾凡勇.pdf
977,林奈以前的昆虫史料,Vector,JItW6-1762148810582-中国森林保护学科发展历程研究_曾凡勇.pdf
978,应用昆虫学,Vector,JItW6-1762148810582-中国森林保护学科发展历程研究_曾凡勇.pdf
979,昆虫学史,Vector,JItW6-1762148810582-中国森林保护学科发展历程研究_曾凡勇.pdf
980,美国昆虫学的先驱,Vector,JItW6-1762148810582-中国森林保护学科发展历程研究_曾凡勇.pdf
981,昆虫学史料汇编,Vector,JItW6-1762148810582-中国森林保护学科发展历程研究_曾凡勇.pdf
982,我国森林昆虫研究的回顾与展望,Vector,JItW6-1762148810582-中国森林保护学科发展历程研究_曾凡勇.pdf
983,昆虫天敌,Vector,JItW6-1762148810582-中国森林保护学科发展历程研究_曾凡勇.pdf
984,昆虫学家,Vector,JItW6-1762148810582-中国森林保护学科发展历程研究_曾凡勇.pdf
985,我国森林 昆虫事业发展概况,Vector,JItW6-1762148810582-中国森林保护学科发展历程研究_曾凡勇.pdf
986,我国森林昆虫生态学研究进展,Vector,JItW6-1762148810582-中国森林保护学科发展历程研究_曾凡勇.pdf
987,森林昆虫学发展,Vector,JItW6-1762148810582-中国森林保护学科发展历程研究_曾凡勇.pdf
988,柑橘星天牛,Vector,JItW6-1762148810582-中国森林保护学科发展历程研究_曾凡勇.pdf
989,昆虫研究法,Vector,JItW6-1762148810582-中国森林保护学科发展历程研究_曾凡勇.pdf
990,普通昆虫学,Vector,JItW6-1762148810582-中国森林保护学科发展历程研究_曾凡勇.pdf
991,经济昆虫学,Vector,JItW6-1762148810582-中国森林保护学科发展历程研究_曾凡勇.pdf
992,昆虫生态学,Vector,JItW6-1762148810582-中国森林保护学科发展历程研究_曾凡勇.pdf
993,昆虫通论,Vector,JItW6-1762148810582-中国森林保护学科发展历程研究_曾凡勇.pdf
994,昆虫进化论,Vector,JItW6-1762148810582-中国森林保护学科发展历程研究_曾凡勇.pdf
995,美国加州大学昆虫系,Vector,JItW6-1762148810582-中国森林保护学科发展历程研究_曾凡勇.pdf
996,河北昆虫局,Vector,JItW6-1762148810582-中国森林保护学科发展历程研究_曾凡勇.pdf
997,光肩星天牛,Vector,JItW6-1762148810582-中国森林保护学科发展历程研究_曾凡勇.pdf
998,森林昆虫论,Vector,JItW6-1762148810582-中国森林保护学科发展历程研究_曾凡勇.pdf
999,昆虫相,Vector,JItW6-1762148810582-中国森林保护学科发展历程研究_曾凡勇.pdf
1000,星天牛,Vector,JItW6-1762148810582-中国森林保护学科发展历程研究_曾凡勇.pdf
1001,森林昆虫学,Vector,JItW6-1762148810582-中国森林保护学科发展历程研究_曾凡勇.pdf
1002,全国森林昆虫普查名录,Vector,JItW6-1762148810582-中国森林保护学科发展历程研究_曾凡勇.pdf
1003,全国森林昆虫天,Vector,JItW6-1762148810582-中国森林保护学科发展历程研究_曾凡勇.pdf
1004,中国经济昆虫志天牛科（,Vector,JItW6-1762148810582-中国森林保护学科发展历程研究_曾凡勇.pdf
1005,昆虫分类学,Vector,JItW6-1762148810582-中国森林保护学科发展历程研究_曾凡勇.pdf
1006,林昆虫,Vector,JItW6-1762148810582-中国森林保护学科发展历程研究_曾凡勇.pdf
1007,森林昆虫生态学,Vector,JItW6-1762148810582-中国森林保护学科发展历程研究_曾凡勇.pdf
1008,昆虫螨,Vector,JItW6-1762148810582-中国森林保护学科发展历程研究_曾凡勇.pdf
1009,昆虫性信息素,Vector,JItW6-1762148810582-中国森林保护学科发展历程研究_曾凡勇.pdf
1010,黄斑星天牛,Vector,JItW6-1762148810582-中国森林保护学科发展历程研究_曾凡勇.pdf
1011,青杨楔天牛,Vector,JItW6-1762148810582-中国森林保护学科发展历程研究_曾凡勇.pdf
1012,白水江保护区天牛群,Vector,JItW6-1762148810582-中国森林保护学科发展历程研究_曾凡勇.pdf
1013,桑天牛,Vector,JItW6-1762148810582-中国森林保护学科发展历程研究_曾凡勇.pdf
1014,森林昆虫学通论,Vector,JItW6-1762148810582-中国森林保护学科发展历程研究_曾凡勇.pdf
1015,资源昆虫学,Vector,JItW6-1762148810582-中国森林保护学科发展历程研究_曾凡勇.pdf
1016,天牛性,Vector,JItW6-1762148810582-中国森林保护学科发展历程研究_曾凡勇.pdf
1017,昆虫生理生化,Vector,JItW6-1762148810582-中国森林保护学科发展历程研究_曾凡勇.pdf
1018,昆虫生物学,Vector,JItW6-1762148810582-中国森林保护学科发展历程研究_曾凡勇.pdf
1019,部山区 松墨天牛适宜度和松木枯死密度之间有较高的重,Vector,气候要素对天台松材线虫病疫情的影响.pdf
1020,东北部天台山区和西南部大雷 山区气候下松墨天牛适宜度较低,Vector,气候要素对天台松材线虫病疫情的影响.pdf
1021,墨天牛生物学特性研究,Vector,气候变化背景下松材线虫在中国分布的时空变化预测.pdf
